0,Dead Horde
2,Pyramid Raid
3,Robot Rescue Revolution
4,Tank Universal
5,Assassin's Creed II
6,Pongo
7,Jagged Alliance Crossfire
8,Assassin's Creed Rogue
9,Sakura Spirit
10,Nightmares from the Deep The Cursed Heart
12,Zombie Panic Source
13,Gothic II Gold Edition
14,Haunted Memories
15,The Ship
3542,Tomb Raider Underworld
17,Men of War
18,RoboBlitz
19,Neverwinter Nights 2 Platinum
21,Fahrenheit Indigo Prophecy Remastered
22,Kingdoms of Amalur Reckoning
24,F.E.A.R. 3
25,Cargo! - The quest for gravity
26,Beware Planet Earth
27,World of Guns Gun Disassembly
28,16bit Trader
29,Titan Quest
30,My Lands
31,Nancy Drew Tomb of the Lost Queen
32,Sleeping Dogs
33,HeXen II
34,Endless Legend
35,Blood Bowl Chaos Edition
36,Snuggle Truck
37,Pinball FX2
39,Back to the Future Ep 5 - OUTATIME
40,Deathtrap
41,Toy Soldiers
43,Beat Hazard
46,Stealth Inc 2
47,Lumino City
48,The Path
49,Cabela's Dangerous Hunts 2013
50,Survarium
51,Greyfox
52,Legends of Aethereus
53,Final DOOM
54,Kingdoms CCG
55,Blood of Old
56,Tom Clancy's Rainbow Six Siege
57,Theatre of War
58,Deadly 30
59,Genesis Rising
60,Little Racers STREET
61,Just Cause 2 Multiplayer Mod
376,Descent Underground
64,Brothers in Arms Road to Hill 30
65,Sheltered
1131,Life is Hard
67,World War II Panzer Claws
68,DogFighter
2400,Star Wars Dark Forces
70,HIS (Heroes In the Sky)
71,The Amazing Spider-Man
72,Hook
73,RaiderZ
74,Offworld Trading Company
75,Worms Ultimate Mayhem
76,Need for Speed Hot Pursuit
77,Super Crate Box
495,Prison Tycoon 3 Lockdown
79,Mount & Blade With Fire and Sword
80,Guns'N'Zombies
82,Cogs
83,Caribbean!
84,Kentucky Route Zero
533,East India Company Pirate Bay
87,Rooms The Unsolvable Puzzle
88,3DMark
89,Homeworld Remastered Collection
3017,Anno Online
92,KickBeat Steam Edition
94,Substance Painter
45,Music Creator 6 Touch
96,Heroes of SoulCraft
97,Eaten Alive
98,Echoes+
99,Home
100,Flashback
2407,Rayman Origins
102,GoD Factory Wingmen
103,Hitman Sniper Challenge
104,Sonic Generations
780,Oddworld New 'n' Tasty
106,Demon Hunter Chronicles from Beyond
107,Of Orcs And Men
680,Glowfish
109,Sphere III Enchanted World
110,Magic 2015
3020,X Rebirth
113,Aveyond 3-2 Gates of Night
114,Grand Theft Auto V
115,Saira
116,Astro Lords
117,Folk Tale
118,The Ship Single Player
119,Ghost in the Shell Stand Alone Complex First Assault Online
3157,Puzzle Agent 2
120,Tower of Guns
121,Pacific Storm Allies
122,Zombie Driver
123,MASSIVE CHALICE
124,Deadfall Adventures
125,Traps N' Gemstones
129,Death Rally
2411,SimCity 4 Deluxe
2786,Magical Diary
132,Toribash
3023,Tropico 4
134,Rush Bros
135,Sid Meier's Civilization Beyond Earth
136,A.R.E.S. Extinction Agenda EX
137,"Warhammer 40,000 Dawn of War - Game of the Year Edition"
138,How to Survive
139,Battle Los Angeles
140,S.K.I.L.L. - Special Force 2
141,Hardland
143,The Movies
144,Heli Heroes
145,Mystery of Neuschwanstein
146,Paranormal State Poison Spring Collector's Edition
62,Aerena
148,VoidExpanse
149,Mercenary Kings
150,Ancient Planet
151,Spelunky
3027,Stacking
152,Grand Theft Auto 2
153,Stubbs the Zombie in Rebel Without a Pulse
154,Absolute Drift
155,Warlock - Master of the Arcane
156,Amnesia Memories
2418,Carrier Command Gaea Mission
159,Mensa Academy
161,Warhammer End Times - Vermintide
162,Moonbase Alpha
163,Chrome
1046,Freedom Force
2168,Parkan 2
166,Nuclear Dawn
167,Tabletop Simulator
1067,"War, the Game"
1822,Front Mission Evolved
170,Orcs Must Die!
171,Earth 2150 Lost Souls
172,NyxQuest
173,7 Days to Die
174,Lili Child of Geos
175,The Forgotten Ones
176,Starbound
177,Nidhogg
475,Ittle Dew
178,Cinders
179,Revenge of the Titans
2423,Serious Sam Classic The Second Encounter
180,StarDrive 2
1164,Secret Of Magia
1167,Oceanhorn Monster of Uncharted Seas
183,Aftermath
184,Call of Duty Black Ops II
185,SanctuaryRPG Black Edition
186,Dead Bits
187,Toki Tori
188,Heavy Fire Afghanistan
189,David.
190,GameGuru
191,Metal War Online Retribution
192,Lichdom Battlemage
3033,Sam & Max 304 Beyond the Alley of the Dolls
193,The Curious Expedition
195,Victory The Age of Racing
2428,Fallout 4
197,Half Minute Hero Super Mega Neo Climax Ultimate Boy
198,Jazzpunk
199,La-Mulana
200,One Late Night Deadline
202,Legends of Eisenwald
203,Kung Fu Strike The Warrior's Rise
204,Tower Wars
205,WRC 4 FIA WORLD RALLY CHAMPIONSHIP
206,Lost Lands A Hidden Object Adventure
207,Westward
208,Dive to the Titanic
209,Mortal Kombat Kollection
210,Galaxy on Fire 2 Full HD
211,12 Labours of Hercules II The Cretan Bull
212,Chime
213,Bloons TD5
3037,Lost Planet 2
215,Take On Helicopters
1359,Retention
217,TRI Of Friendship and Madness
218,Qvadriga
3512,Outlast
220,Subspace Continuum
44,Wildlife Park 2
3492,Assassin's Creed III
3262,BEEP
223,Gateways
225,Blur
1243,Virtual Villagers A New Home
227,Rising Storm/Red Orchestra 2 Multiplayer
228,Passing Pineview Forest
229,Evolve
232,Empire TV Tycoon
233,Carpe Diem
234,Real Boxing
235,Shadowgrounds Survivor
236,Railroad Tycoon 3
3040,Duke Nukem 3D Megaton Edition
238,Hacknet
239,Legendary
240,SpellForce 2 - Faith in Destiny
241,60 Seconds!
242,Chivalry Medieval Warfare
2437,Jet Set Radio
244,Towtruck Simulator 2015
245,Blood One Unit Whole Blood
1245,Special Forces Team X
247,War for the Overworld
248,Software Inc.
249,Mordheim City of the Damned
3429,Codename Gordon
251,Platypus
1841,Smashball
253,Kung Fury
3043,Star Wars - Battlefront II
254,Secrets of Grindea
256,Time Mysteries 3 The Final Enigma
257,Supreme Commander 2
258,ArchonClassic
259,The Detail
261,Frankenstein Master of Death
262,Back to the Future Ep 3 - Citizen Brown
263,Warhammer Quest
264,Guild Wars Game of the Year
265,Air Conflicts Pacific Carriers
266,Blackguards
2430,Gunscape
267,ARK Survival Evolved
268,Brothers in Arms Hell's Highway
1640,Squirreltopia
271,Tales of Monkey Island Chapter 2 - The Siege of Spinner Cay 
272,Spectraball
273,Bionic Commando Rearmed
274,Infinite Crisis
275,Football Superstars
2440,Air Brawl
277,SOMA
278,Nightmares from the Deep 2 The Siren`s Call
279,Pyroblazer
280,Batman Arkham City
282,Prince of Persia The Forgotten Sands
269,Containment The Zombie Puzzler
284,Left 4 Dead 2
285,Gotham City Impostors Free To Play
286,Project Snowblind
287,Jamestown
288,Teeworlds
289,Vampire The Masquerade - Bloodlines
255,CID The Dummy
291,Greed Black Border
1783,I Am Alive
293,The Walking Dead Season Two
295,Still Life
296,Order of War
297,ZOMBI
298,Flight of the Icarus
299,Aeon Command
300,Lords Of The Fallen
1847,Slam Bolt Scrappers
302,Dirty Bomb
303,Castlevania Lords of Shadow 2
304,Creativerse
305,Majesty 2 Collection
306,Block N Load
307,Castle Never Judge a Book by its Cover
308,Dungeon of the Endless
309,CreaVures
310,Unreal II The Awakening
311,Victor Vran
312,Commander Keen Complete Pack
313,Colonial Conquest
314,Game of Thrones 
315,Lead and Gold - Gangs of the Wild West
316,Monkey Island 2 Special Edition
317,TRANSFORMERS Rise of the Dark Spark
318,Fable III
319,VVVVVV
320,Star Trek D-A-C
321,HELLDIVERS
3028,M.U.D. TV
322,Weather Lord The Successor's Path
323,Patrician IV Rise of a Dynasty
324,Survivor Squad
325,Stellar Impact
326,Duck Game
81,Game Character Hub
1853,Back to the Future Ep 2 - Get Tannen!
2446,La Tale
331,Navy Field 2  Conqueror of the Ocean
332,BRAINPIPE A Plunge to Unhumanity
333,Card City Nights
334,Savage Lands
336,Deus Ex The Fall
337,Battlestations Midway
338,Ford Racing 3
1386,Angry Video Game Nerd Adventures
339,Blaster Shooter GunGuy!
340,X-COM Interceptor
341,Cabela's Hunting Expeditions
342,Toast Time
3057,Baldur's Gate Enhanced Edition
3358,Sid Meier's Starships
344,Red Faction Guerrilla Steam Edition
345,how do you Do It?
3058,Impire
347,Rise of Nations Extended Edition
348,Remnants Of Isolation
349,Lost Horizon
350,Anomaly Warzone Earth
351,Nobunaga's Ambition Souzou with Power Up Kit
1055,Breach & Clear
353,Helicopter Simulator 2014 Search and Rescue
354,Saints Row The Third
355,Syberia 2
357,BlazBlue Continuum Shift Extend
358,Rocksmith 2014
359,Finn and Jake's Epic Quest
361,Dustforce
362,Blood Omen 2 Legacy of Kain
363,Chuzzle Deluxe
364,Lume
365,Hostile Waters Antaeus Rising
366,Mad Max
367,Battlefield Bad Company 2
368,Don't Starve Together Beta
1221,Galcon 2
370,BattleSpace
371,Midnight Club II
372,Stronghold Kingdoms
373,Runaway A Road Adventure
1769,BioShock 2
375,Prince of Persia Warrior Within
2242,Chocolatier Decadence by Design
377,Sengoku
378,Quantum Conundrum
379,"Invisible, Inc."
380,Gundemonium Recollection
381,Sid Meier's Civilization V
382,Nikopol Secrets of the Immortals
383,F.E.A.R. Extraction Point
63,Song of the Myrne What Lies Beneath
385,Space Pirates and Zombies
386,Bridge Project
387,Medieval II Total War Kingdoms
388,Agricultural Simulator 2013 Steam Edition
1860,Hero of the Kingdom
390,King's Bounty Warriors of the North
391,Mabinogi
392,Carmageddon 2 Carpocalypse Now
393,FINAL FANTASY TYPE-0 HD
394,Alien Breed Impact
395,Freedom Planet
396,Mars War Logs
3521,TRAUMA
397,Overlord
398,Wasteland 1 - The Original Classic
399,Emergency 2012
400,Emergency 2013
401,Dragon Age Origins - Ultimate Edition
402,Emergency 2014
403,R.U.S.E
404,Fieldrunners 2
405,Reprisal Universe
3070,Call of Duty World at War
1947,Blocks That Matter
408,Frontline Tactics
807,Chaser
410,Go! Go! Nippon! ~My First Trip to Japan~
411,rFactor
412,Among Ripples
413,Theatre of War 2 Kursk 1943 
414,Her Story
415,Unturned
416,Sniper Ghost Warrior 2
417,SuperPower 2 Steam Edition
418,Eternal Fate
419,Trials 2 Second Edition
420,Jigoku Kisetsukan Sense of the Seasons
3073,Speedball 2 HD
422,America's Army 3
423,Ziggurat
424,The Stomping Land
426,Inside The Gear
231,Raiden Legacy
428,Bob Came in Pieces
429,Atlantica Online
430,Viscera Cleanup Detail Santa's Rampage
431,War of Beach
433,Stronghold HD
434,Hector Ep 1
1869,Halo Spartan Assault
1103,Hector Ep 2
437,EverQuest Seeds of Destruction
438,Dear Esther
1870,The Legend of Korra
439,Edge of Space
440,Vanguard Princess
441,Shoppe Keep
442,Day of Defeat Source
443,IL-2 Sturmovik Battle of Stalingrad
445,Hotel Dash
446,Corporate Lifestyle Simulator
447,DLC Quest
1183,Letter Quest Grimm's Journey
450,GTR 2 - FIA GT Racing Game
451,Lambda Wars Beta
444,Iron Brigade
453,Tales Runner
1873,Guns and Robots
455,Blacklight Retribution
456,Digital Combat Simulator A-10C Warthog
2464,F.E.A.R.
458,Infinity Wars - Animated Trading Card Game
1874,The Incredible Adventures of Van Helsing Final Cut
460,Ys The Oath in Felghana
461,Layers of Fear
462,Battlegrounds of Eldhelm
2126,S.T.A.L.K.E.R. Clear Sky
464,Nancy Drew Warnings at Waverly Academy
465,Tomb Raider Legend
466,"Sir, You Are Being Hunted"
467,DiRT 3
468,DiRT 2
469,Baldur's Gate II Enhanced Edition
1876,EverQuest Free-to-Play
471,the static speaks my name
472,Bridge Constructor
473,Darkout
1300,Dead State
476,Chaos on Deponia
477,Agarest Zero
478,Test Drive Ferrari Racing Legends
479,Mystery P.I. The Lottery Ticket
480,Defense Grid The Awakening
481,Jolly Rover
482,Legend of Grimrock
483,Clown House (Palyao Evi)
484,Divekick
485,Love
486,Evil Genius
2111,Ironclad Tactics
488,Pride of Nations
489,Rebel Galaxy
490,Space Channel 5 Part 2
491,Dead Rising 3
492,Dead Rising 2
1613,SiN
2466,SlamIt Pinball Big Score
3086,Assassins Creed Unity
494,The Expendabros
496,Conflict Denied Ops
3087,RPG Maker 2003
498,Fallen Enchantress
499,Prince of Persia The Sands of Time
993,Timberman
501,Assassin's Creed IV Black Flag
502,Sky Nations
3168,Dungeons The Eye of Draconus
503,3D Mini Golf
504,PROTOTYPE 2
505,The Misadventures of P.B. Winterbottom
2472,Red Crucible Firestorm
506,Simply Chess
507,Holy Potatoes! A Weapon Shop?!
508,Devil May Cry 4 Special Edition
1881,Lilly and Sasha Curse of the Immortals
1804,Car Mechanic Simulator 2015
510,DiggerOnline
511,Sunless Sea
512,Mass Effect
513,Pool Nation FX
514,Tap Heroes
515,Bientt l't
516,Mushroom 11
518,Need for Speed Undercover
519,Anomaly Warzone Earth Mobile Campaign
520,Mind Path to Thalamus Enhanced Edition
2476,Archeblade
522,Quake III Arena
523,SAMURAI WARRIORS 4-II
524,Shelter
525,Pro Rugby Manager 2015
526,Heroes of Might & Magic V
527,Jack Keane
528,Silent Hunter 5 Battle of the Atlantic
529,SteamWorld Dig
530,Hacker Evolution
2477,Cloudbuilt
532,Star Crusade CCG
2221,Blazing Angels 2 Secret Missions of WWII
535,Metro Conflict
2478,No Time To Explain Remastered
536,Sonic and SEGA All Stars Racing
537,Shadowgrounds
538,The Witcher 3 Wild Hunt
539,Orbital Gear
540,Copa Petrobras de Marcas
541,Strife
542,The Secret of Tremendous Corporation
543,Talisman Digital Edition
544,Crusaders Thy Kingdom Come
1885,THE KING OF FIGHTERS '98 ULTIMATE MATCH FINAL EDITION
546,Hitman Codename 47
547,"Pirates, Vikings, & Knights II"
548,Onimusha 3 Demon Siege
549,Assetto Corsa
550,Relic Hunters Zero
3093,Wind of Luck Arena
552,Rome Total War
517,Rise of Incarnates
554,Beyond Eyes
555,Sanctum 2
556,Keep Talking and Nobody Explodes
557,The Fall
558,007 Legends
559,Burstfire
560,Pool Nation
1887,The Crew
562,Midnight Mysteries 4 Haunted Houdini
563,Batman Arkham Origins Blackgate - Deluxe Edition
1888,Superbrothers Sword & Sworcery EP
565,Marble Mayhem Fragile Ball
567,Sam & Max 301 The Penal Zone
1309,Winning Post 8 2015
569,Assassin's Creed Revelations
2658,Risen
570,Alex Hunter - Lord of the Mind
571,Midnight Mysteries 3 Devil on the Mississippi
572,Dishonored
573,Demonicon
2832,Gas Guzzlers Extreme
574,DarkStar One
575,Quake Mission Pack 2 Dissolution of Eternity
576,Beasts of Prey
577,Sunrider Mask of Arcadius
578,Tom Clancy's Ghost Recon Phantoms - EU
579,Universe Sandbox
580,Pid 
581,X2 The Threat
582,Ninja Reflex Steamworks Edition
583,C9
584,Mitsurugi Kamui Hikae
585,Magicka 2
586,Planetbase
587,Total War ATTILA
589,Little Inferno
590,Royal Quest
591,Sniper Elite Zombie Army 2
592,Night Mysteries The Amphora Prisoner
593,RollerCoaster Tycoon 3 Platinum!
594,Maszyny Rolnicze 2015
596,The LEGO Movie - Videogame
597,Mafia II
598,Dragon Quest Heroes
599,War Thunder
600,MapleStory
1894,Indiana Jones and the Last Crusade
602,Far Cry 4
603,Far Cry 2
604,Far Cry 3
605,Mortal Online
606,Torchlight
2673,Panzer Tactics HD
608,SC2VN - The eSports Visual Novel
609,Star Ruler
610,Football Manager 2009
611,Smooth Operators
2560,Zeno Clash
612,Oddworld Abe's Exoddus
613,Nuclear Throne
614,X-note
615,Chaos Heroes Online
616,Godus
2469,Broken Sword 3 - the Sleeping Dragon
618,Just Cause 3
619,Just Cause 2
620,Ionball 2  Ionstorm
622,The Wonderful End of the World
623,Beast Boxing Turbo
624,E.Y.E Divine Cybermancy
625,DETOUR
626,Fairy Tale Mysteries The Puppet Thief Collector's Edition
3377,Runestone Keeper
628,Sword of the Stars The Pit
629,NOBUNAGA'S AMBITION Sphere of Influence
630,15 Days
631,Duke Nukem Forever
632,Gear Up
633,Shattered Horizon
634,Retro-Pixel Castles
2496,Prime World Defenders
637,aerofly RC 7
639,iO
640,Ori and the Blind Forest
641,Merchants of Kaidan
643,Fiesta Online NA
644,Grey Goo
645,Distance
646,Terrorhedron
647,Multiwinia
648,Chroma Squad
649,Invisible Apartment
651,Retrovirus
652,Shadow Harvest Phantom Ops
653,Windosill
654,Thirty Flights of Loving
655,Railroad Tycoon 2 Platinum
656,Rabbit Hole 3D Steam Edition
657,The Lord of the Rings War in the North
658,TypeRider
659,Hello Kitty and Sanrio Friends Racing
3107,Defend Your Life
661,Clicker Heroes
663,Praetorians
1380,Sine Mora
3159,Petz Horsez 2
665,Galcon Legends
666,Airport Madness World Edition
425,Dev Guy
669,Wizardry Online
1324,realMyst
671,Silent Hunter III
672,FATE
158,Oh...Sir!
674,Fat Chicken
675,Immune
676,Xam
677,Nancy Drew Last Train to Blue Moon Canyon
678,Splatter - Blood Red Edition
679,EVE Online
681,Age of Wonders Shadow Magic
682,DRAKERZ-Confrontation
683,Rogue Legacy
684,Batman Arkham Asylum
685,"Warhammer 40,000 Dawn of War II  Retribution"
686,Super Chibi Knight
687,Temper Tantrum
688,Rogue Warrior
689,Fiesta Online
690,Killing Floor Mod Defence Alliance 2
691,Sideway
692,Adventures of Bertram Fiddle Episode 1 A Dreadly Business
693,Call of Cthulhu Dark Corners of the Earth
694,Arma 2 Free
695,Actual Sunlight
696,Rivals of Aether
697,Portal of Evil Stolen Runes Collector's Edition
699,Amazing Princess Sarah
700,Vigil Blood Bitterness
702,Sword of the Stars II Enhanced Edition
3113,Commandos Behind Enemy Lines
704,Shadows on the Vatican - Act I Greed
705,rFactor 2
706,East India Company Gold
707,Insurgency
708,Choice Chamber
709,Dysfunctional Systems Learning to Manage Chaos
710,Sonic Adventure 2 
1157,Time Mysteries Inheritance - Remastered
712,ACE COMBAT ASSAULT HORIZON Enhanced Edition
713,Space Empires IV Deluxe
714,TOXIKK
1916,Bastion
716,Bejeweled 2 Deluxe
717,Make it indie!
718,Sam & Max 302 The Tomb of Sammun-Mak
719,Aperture Tag The Paint Gun Testing Initiative
720,Break Into Zatwor
721,Great Permutator
3117,King Arthur - The Role-playing Wargame
723,Oil Rush
1364,BAD END
725,Pillars of Eternity
726,Pro Cycling Manager 2013
727,Pro Cycling Manager 2014
728,Audition Online
729,Wickland
730,Cossacks Art of War
1334,Miasmata
731,Karos Returns
732,Hunted The Demon's Forge
733,Battlestations Pacific
734,Oddworld Munch's Oddysee
735,RPG Maker MV
736,FINAL FANTASY XI
737,Sam & Max 105 Reality 2.0
738,Emergency 5 - Deluxe Edition
909,Heroes of Might & Magic III - HD Edition
740,Five Nights at Freddy's 4
2514,Knights and Merchants
2874,Adventurer Manager
2288,Into The War
743,Five Nights at Freddy's 3
744,Five Nights at Freddy's 2
745,RWBY Grimm Eclipse
746,Painkiller Recurring Evil
747,Triple Town
748,Puzzle Pirates
749,Arcadia
3123,S.T.A.L.K.E.R. Shadow of Chernobyl
2515,Damnation
977,Bad Rats
754,Cherry Tree High I! My! Girls!
755,Clutch
992,Rocksmith
757,Lucius
1002,Tom Clancy's Ghost Recon Advanced Warfighter
1007,Stardust Vanguards
3125,Risen 3 - Titan Lords
1991,Woodle Tree Adventures
761,Finding Teddy
762,The Fifth Day
763,NightShift Code
764,Coniclysm
1044,All Zombies Must Die!
766,Leo's Fortune
767,Town of Salem
768,Dead Mountaineer's Hotel
769,Strike Vector
1078,Ichi
771,The Darkness II
1924,Max Payne 2 The Fall of Max Payne
773,Spartans Vs Zombies Defense
774,Wrath of Athena
775,Tales of Monkey Island Chapter 5 - Rise of the Pirate God
776,The Inner World
1124,Elven Legacy
778,Beyond Divinity
779,Superfrog HD
1132,Krosmaster Arena
781,CroNix
782,Slender The Arrival
783,Motorbike
784,Westward 3
1162,Saints Row Gat out of Hell
786,N.P.P.D. RUSH - The milk of Ultra violet
787,Dementium II HD
788,Skullgirls
789,Bullet Heaven 2
790,Anna's Quest
1190,MX vs. ATV Reflex
792,Guilty Gear X2 #Reload
793,The 7th Guest
794,CastleMiner Z
1214,Call of Juarez Gunslinger
796,Chains
797,PT Boats South Gambit
1222,Battle Battalions
799,New Star Soccer 5
800,Warehouse and Logistics Simulator
801,Element4l
802,Bloody Trapland
803,Brilliant Bob
804,Ship Simulator Maritime Search and Rescue
806,Kings Bounty Legions
1262,American Conquest
809,Castlevania Lords of Shadow - Ultimate Edition
1266,PAC-MAN Championship Edition DX+
811,Haunted
1273,The Dreamatorium of Dr. Magnus 2
813,Hylics
814,Starseed Pilgrim
3131,Nancy Drew Curse of Blackmoor Manor 
816,RPG Maker VX Ace
818,Divinity Original Sin Enhanced Edition
2089,Two Worlds II Castle Defense
2528,FRACT OSC
820,Shufflepuck Cantina Deluxe VR
821,Horizon Shift
822,Knights of Honor
823,Survival Postapocalypse Now
1354,One Finger Death Punch
825,Action! - Gameplay Recording and Streaming
826,Pixel Puzzles Japan
724,NARUTO SHIPPUDEN Ultimate Ninja STORM 3 Full Burst
828,Castle Crashers
829,Reaper - Tale of a Pale Swordsman
830,"Time Gentlemen, Please!"
831,Farming Simulator 2011
832,Farming Simulator 2013
833,Cities XL 2011
834,Build-A-Lot 4
835,Murder Miners
836,Sniper Elite V2
837,Build-A-Lot 2
838,F.E.A.R. Perseus Mandate
839,Aliens Colonial Marines
840,Vox
841,Eschalon Book 1
842,Pro Cycling Manager 2015
3136,City Life 2008
845,Road Redemption
635,Foosball - Street Edition
847,Talismania Deluxe
848,PixelJunk Eden
849,Bloody Good Time
850,Nancy Drew Ransom of the Seven Ships 
851,Squad
854,LEGO The Hobbit
752,1701 A.D. Sunken Dragon
857,Football Manager 2012
858,Football Manager 2013
859,Football Manager 2010
860,Football Manager 2011
861,Football Manager 2016
862,Football Manager 2014
863,Football Manager 2015
864,Tea Party Simulator 2015
865,Magic 2014 
1940,Alone in the Dark
867,Adventure Park
1229,X-COM Enforcer
869,Race The Sun
870,Super Amazing Wagon Adventure
1215,Environmental Station Alpha
872,Dust An Elysian Tail
873,Torchlight II
874,Pandora First Contact
875,Uncrowded
876,Railroad Pioneer
1356,Droid Assault
2881,Shadow of Kingdoms
878,Hard Reset
879,Shower With Your Dad Simulator 2015 Do You Still Shower With Your Dad
2434,Artemis Spaceship Bridge Simulator
880,Divine Souls
1994,Section 8 Prejudice
881,1... 2... 3... KICK IT! (Drop That Beat Like an Ugly Baby)
882,Curse of Mermos
3278,Hidden Object Bundle 4 in 1
883,Jurassic Park The Game
1800,S.T.A.L.K.E.R. Call of Pripyat
884,Magic Barrage - Bitferno
885,Avadon 2 The Corruption
886,Moonrise
1942,RollerCoaster Tycoon Deluxe
889,King's Bounty Dark Side
2606,The Age of Decadence
890,Mare Nostrum
1760,Cabelas Trophy Bucks
892,Watchmen The End Is Nigh Part 2
893,Mr. Robot
894,Snapshot
895,Stranded Deep
896,Shallow Space
897,Hard Truck Apocalypse / Ex Machina
898,Fishing Planet
1362,IL-2 Sturmovik Cliffs of Dover
900,Fritz Chess 14
901,Project CARS
902,Medieval Engineers
903,YOU DON'T KNOW JACK
905,Dragon Nest
907,Tiny Troopers
908,Zotrix
739,Hacker Evolution - Untold
910,Clickr
911,Uplink
912,Scourge Outbreak
3151,Dragons and Titans
914,Trapped Dead
915,PixelJunk Shooter Ultimate
916,Sunrider Academy
917,Sam & Max 102 Situation Comedy
918,Amnesia The Dark Descent
919,Star Wars The Force Unleashed II
920,You Need A Budget 4 (YNAB)
921,TOME Immortal Arena
1365,Command and Conquer Red Alert 3 - Uprising
923,Automation - The Car Company Tycoon Game
2104,State of Decay Year-One
924,Xeodrifter
925,TransOcean The Shipping Company
926,Epigenesis
927,Dwarfs!?
928,Worms Revolution
929,X3 Terran Conflict
260,Escape Goat
931,Aliens vs. Predator
933,CAFE 0 ~The Drowned Mermaid~
934,Let the Cat In
1368,Nosgoth
936,ArcheAge
938,Hurtworld
1369,Call of Juarez Bound in Blood
940,Counter-Strike Source
147,Disciples II Rise of the Elves
942,Global Agenda
943,Dead Island Riptide
944,Dreaming Sarah
945,Project Zomboid
946,The Binding of Isaac Rebirth
948,Arma 3
949,Arma 2
950,Leviathan Warships
951,All Is Dust
952,Kairo
953,FINAL FANTASY XIII
954,Sniper Elite 3
955,Cherry Tree High Comedy Club
956,SEGA Bass Fishing
958,EVGA PrecisionX 16
959,Crouching Pony Hidden Dragon
960,Lineage II
962,Audiosurf 2
963,The Wolf Among Us
964,Wasteland Angel
965,CrimeCraft GangWars
967,Sid Meier's Civilization IV Colonization
3109,Marlow Briggs
3161,RPG MO
969,Puzzle Agent
970,Dying Light
971,Grim Legends 2 Song of the Dark Swan
972,StarDrive
1376,Mountain Crime Requital
974,Lost Saga North America
976,Breezeblox
2455,Gratuitous Space Battles
978,Call of Duty Black Ops II - Zombies
979,Rogue Shooter The FPS Roguelike
980,Cave Story+
981,Rise of the Triad
982,Tom Clancy's Splinter Cell Conviction
983,Absconding Zatwor
984,Dark Void
985,100% Orange Juice
987,Napoleon Total War
988,Dreamfall Chapters
989,Etherium
990,Bionic Commando
991,Worms Clan Wars
994,DCS Black Shark
995,Burnout Paradise The Ultimate Box
996,Garry's Mod
998,Warrior Kings Battles
1381,Darkest Dungeon
1000,Tomb Raider III Adventures of Lara Croft
1001,Darkest Hour Europe '44-'45
758,Arma 2 Operation Arrowhead Beta (Obsolete)
1003,Puddle
1004,Clockwork Empires
1005,Mini Metro
1006,Daylight
759,Return to Castle Wolfenstein
1008,A New Beginning - Final Cut
1009,INK
1011,Scarygirl
1012,"Papers, Please"
1013,Hitman Blood Money
1014,March of War
1015,Skyscraper Simulator
1016,From The Depths
1017,Asteria
1018,Wasteland 2 Director's Cut
1019,Hotline Miami 2 Wrong Number
1020,Castle In The Darkness
1021,F.E.A.R. 2 Project Origin
1022,FINAL FANTASY VIII
1023,Gravity Ghost
1024,Spermination
1025,Children of the Nile Alexandria
1026,Fairy Fencer F
1027,Prototype
1028,Operation Flashpoint Red River
1029,RIFT
1030,Mishap An Accidental Haunting
1031,FlatOut Ultimate Carnage
1033,Dig or Die
1034,AaaaaAAaaaAAAaaAAAAaAAAAA!!! for the Awesome
1035,Velvet Assassin
1036,Kane & Lynch Dead Men
1037,Disciples III Renaissance
805,Damnation City of Death
1039,Call to Arms
1040,Ultra Street Fighter IV
1959,Call of Duty 4 Modern Warfare
1042,Skara - The Blade Remains
1043,Half-Life 2 Update
1045,Total Annihilation
164,Altitude
1047,Teddy Floppy Ear - Kayaking
1048,Lego Star Wars 3 The Clone Wars
1049,Famaze
1050,Crazy Machines 2
1051,Bus-Simulator 2012
1052,Battle Brothers
2227,The Testament of Sherlock Holmes
1053,Abyss The Wraiths of Eden
1054,FINAL FANTASY XIII-2
1056,Pat & Mat
1057,Miscreated
1058,Killing Floor 2
1059,Grand Theft Auto IV
930,Ultimate Tic-Tac-Toe
1060,Victoria II
1962,Airline Tycoon 2
1062,Hammerfight
1063,Sniper Elite
1064,Hero Siege
1065,Medal of Honor(TM) Single Player
2542,Run and Fire
1068,Letter Quest Grimm's Journey Remastered
1069,Wildlife Park 2 - Marine World
1070,Delta Force 2
2628,Downwell
1071,FINAL FANTASY XIV A Realm Reborn
1072,Need for Speed SHIFT
1965,Battle Islands
1074,Blender 2.76b
1075,Dethroned!
2394,Cosmophony
3343,Alpha Protocol
770,fault milestone one
1079,Supreme Commander Forged Alliance
1080,Lunch Truck Tycoon
1081,Symphony
1082,Zen Bound 2
1083,Robot Roller-Derby Disco Dodgeball
1084,Robin Hood
2627,The Room
1085,Penumbra Overture
1086,Velocibox
1396,Company of Heroes
1088,Strong Bad Episode 3 Baddest of the Bands
1089,Overgrowth
1968,POSTAL
1091,Dragon's Prophet
1092,Guardians of Orion
1093,Plague Inc Evolved
1094,Firefighters 2014
1095,Crayon Physics Deluxe
1096,NOT A HERO
1397,Recettear An Item Shop's Tale
1099,Puzzler World 2
1100,Mount Your Friends
1101,Legend of Grimrock 2
1102,Metal Gear Solid Legacy
1104,TDP4Team Battle
1105,METAL GEAR RISING REVENGEANCE
1106,Call of Duty Ghosts - Multiplayer
1107,Batman Arkham Asylum GOTY Edition
2581,Quake
1109,140
1111,Rock of Ages
1112,8BitMMO
1113,Science Girls
1537,Legend of Mysteria
2583,The Guild II Renaissance
1117,Starbound - Unstable
1118,Clergy Splode
1119,Resident Evil Revelations / Biohazard Revelations
1120,iBomber Defense
1121,The Magic Circle
1122,Shoot Many Robots
1123,Nancy Drew The Deadly Device
777,No More Room in Hell
1125,Necronomicon The Dawning of Darkness
1126,Rig 'n' Roll
1127,Nancy Drew Ghost of Thornton Hall
1128,Angvik
1129,Nostradamus The Last Prophecy
1130,EDGE
904,realMyst Masterpiece Edition
1133,Crysis Warhead
1134,Lifeless Planet
2586,Big Pharma
3267,FlatOut 2
1137,Frozen Hearth
2587,Hand Of Fate
201,Grimm
1140,Brtal Legend
1141,Alan Wake
133,NEOTOKYO
1143,Space Hack
1144,Iron Grip Warlord
1145,The Settlers 7 Paths to a Kingdom - Gold Edition
1146,Fate of the World
1147,Portal 2
1148,Construct 2 Free
1149,Cannons Lasers Rockets
93,Influent
1151,Tom Clancy's Ghost Recon Future Soldier
1152,Tidalis
1153,Section 8
1154,Dead Space
1155,Farm Machines Championships 2014
1158,Treeker The Lost Glasses
1159,Armada 2526
3186,King's Quest
1161,Command and Conquer 4 Tiberian Twilight
785,Worms Armageddon
1163,Counter-Strike Global Offensive
1165,Deponia The Complete Journey
1166,Defiance
182,Viking Battle for Asgard
1168,"Warhammer 40,000 Space Marine"
1169,MLB Front Office Manager
1170,Fallen Earth
1171,Devils Share
1172,Controller Companion
3173,Toki Tori 2+
1173,Ricochet
1174,Nightbanes
1175,Receiver
1176,"On the Rain-Slick Precipice of Darkness, Episode One"
1177,Flatout 3
1179,Hospital Tycoon
1180,Driftmoon
1181,Urizen Shadows of the Cold
1182,Breath of Death VII 
1184,Zeno Clash 2
1185,Lucius II
3182,Ys Origin
2592,Frozen Synapse Prime
1187,BIT.TRIP RUNNER
1188,The Long Dark
1189,Minimum
3450,Ashes of the Singularity
2077,Poker Night 2
791,Curse The Eye of Isis
1191,PixelJunk Shooter
1192,Thief 2
2595,Foul Play
1194,Into the Dark
1195,DOOM 3
1196,Capsized
1197,Viscera Cleanup Detail Shadow Warrior
1198,Knights of Pen and Paper +1
1199,Axis Game Factory's AGFPRO 3.0
1200,Double Dragon Neon
1201,Street Racing Syndicate
1202,A Walk in the Dark
3192,ibb & obb
1204,Realms of Arkania 3 - Shadows over Riva Classic
3363,Trials Evolution Gold Edition
1205,European Ship Simulator
1206,Bermuda
1207,Zombie Driver HD
966,Starion Tactics
1209,Achron
1211,The Howler
1212,Commandos 3 Destination Berlin
3195,Anarchy Arcade
795,Abyss Odyssey
1216,NBA 2K9
1217,LYNE
1218,Infestation Survivor Stories
1219,Nimble Writer
1220,QuantZ
3198,DeathSpank
798,World of Goo
1972,Morphopolis
1224,Construction-Simulator 2015
1225,Operation Z
1448,Gemini Rue
1226,Team Fortress 2
1227,AdVenture Capitalist
1228,Painkiller Overdose
108,Gothic 3 Forsaken Gods Enhanced Edition
1230,Soul Gambler
1231,FINAL FANTASY III
1232,"Ben There, Dan That!"
1992,Aliens versus Predator Classic 2000
1234,Phantom Breaker Battle Grounds
1235,YOU DON'T KNOW JACK Vol. 1 XL
1236,Eradicator
1237,Wallace & Gromit Ep 3 Muzzled!
181,The Bard's Tale
1239,Comanche 4
1240,Killing Floor
194,Starlaxis Supernova Edition
1242,Obulis
226,Korwin The Game
1742,GASP
246,Carnage Racing
1246,Mars Colony Challenger
1247,Elite Dangerous
1248,Flower Shop Winter In Fairbrook
1249,Metro Last Light Redux
1250,Star Ruler 2
1252,Get Off My Lawn!
1253,Total War Battles SHOGUN
1254,The Universim
1255,Enemy Front
1256,Lovely Planet
224,Battle vs Chess
1258,AION Free-to-Play
1259,Black Mesa
1260,Saints Row The Third - Initiation Station
1261,Bloodbath Kavkaz
808,Deus Ex Game of the Year Edition
1263,Chessmaster
3170,Burn Zombie Burn
3208,The Journey Down Chapter One
1265,Zombie Army Trilogy
810,Fuse
1267,Microsoft Flight Simulator X Steam Edition
369,RollerCoaster Tycoon 2 Triple Thrill Pack
1269,Kings of Kung Fu
1270,Crysis 2
1271,Grand Theft Auto San Andreas
1272,Sam & Max 202 Moai Better Blues
812,Melissa K. and the Heart of Gold Collector's Edition
3350,Split/Second
1275,Jack Lumber
1276,GUILTY GEAR Xrd -SIGN-
1278,Cabela's African Adventures
1423,Natural Selection 2
1280,Captain Forever Remix
2000,Hero Academy
1282,Overlord Raising Hell
1283,Introduction to 3D Prop Modeling and Design - Viking Armor and Weapons
1284,GamersGoMakers
1285,LEGO Batman 3 Beyond Gotham
3211,Fist Puncher
1287,Firefly Online Cortex
1288,Constant C
1289,Memories of a Vagabond
1290,Plants vs. Zombies Game of the Year
1291,Super Game Jam
1292,NARUTO SHIPPUDEN Ultimate Ninja STORM Revolution
1293,Community College Hero Trial by Fire
1294,Divinity Original Sin
1295,THE KING OF FIGHTERS 2002 UNLIMITED MATCH
1296,Last Word
1297,Mirror's Edge
1298,Yosumin!
1299,Sid Meier's Civilization IV Warlords
1301,Dream Of Mirror Online
1302,Ultratron
3213,Darwinia
1303,StarForge
1304,The Cursed Crusade
1305,LISA
1306,Real World Racing
1307,Speed Kills
3129,Adventure Chronicles The Search For Lost Treasure
1308,Strife Veteran Edition
568,Imagine Earth
1311,Dragon Age Origins Character Creator
2614,Combat Arms
1312,Hell Yeah!
1313,Maia
1314,Putt-Putt Saves the Zoo
1315,Penumbra Requiem
1316,Resident Evil Operation Raccoon City
1317,Romance of the Three Kingdoms Maker
1318,Just Get Through
1320,Pirates of Black Cove
1321,Gravity Badgers
1322,NaissanceE
1323,Broken Sword 5 - the Serpent's Curse
670,Tinboy
1325,BioShock Infinite
1326,March of the Eagles
1327,Ravaged Zombie Apocalypse
1328,CRYPTARK
1329,Star Wars - Jedi Knight Mysteries of the Sith
1330,Assault Android Cactus
1331,The Escapists The Walking Dead
3221,Angry Birds Space
1333,Farm for your Life
112,Thief Town
1335,Myst V
2619,Transformice
1337,Bloodline Champions
1338,Call of Duty Modern Warfare 2 - Multiplayer
1339,X-Plane 10 Global - 64 Bit
1340,King Arthur's Gold
1341,One Way Heroics
1342,Abducted
2010,Lost Planet Extreme Condition - Colonies Edition
815,Auditorium
1345,The Swapper
3250,The Incredible Adventures of Van Helsing
1346,DARK SOULS II
1347,Eschalon Book 2
1348,liteCam Game 100 FPS Game Capture
1434,Besiege
1350,Dragon's Lair 2 Time Warp
1351,I am Bread
1352,Call of Duty Black Ops II - Multiplayer
1353,Age of Wonders
824,Shadowrun Returns
877,Wolfenstein The Old Blood German Edition
1357,Salvation Prophecy
1360,Might & Magic X - Legacy 
1361,Halfway
899,City of Steam Arkadia
1363,Deadpool
922,Ghost Encounters Deadwood - Collector's Edition
756,Gomo
1367,The Entente Gold
935,BattleBlock Theater
939,Executive Assault
3227,Vintage Year
1370,Gang Beasts
2013,Voxelized
1372,Making History The Calm & The Storm
1373,H1Z1
1375,The Banner Saga Factions
973,Homebrew - Vehicle Sandbox
1377,Dead Island Epidemic
1378,Astebreed
1379,Yet Another Zombie Defense
1,Z
642,Yury
1524,Enemy Mind
1438,BIT.TRIP BEAT
1383,The Legend of Heroes Trails in the Sky
1384,Out There  Edition
1385,Day of Defeat
219,Grand Ages Medieval
1387,Poly Bridge
3230,Magicite
1389,Battle Academy 2 Eastern Front
1390,"On the Rain-Slick Precipice of Darkness, Episode Two"
1391,Wildlife Park 3
1441,Confrontation
1392,X-Blades
1394,Azure Striker Gunvolt
1395,Football Manager 2016 Demo
1087,DOOM 3 Resurrection of Evil
1098,DUNGEONS - The Dark Lord (Steam Special Edition)
1114,Rag Doll Kung Fu
1400,The Secret World
1401,Eets Munchies
42,ORION Prelude
1403,Craft The World
1404,Cities XL 2012
1405,Obscure
1406,Star Wars The Clone Wars Republic Heroes
3233,Bully Scholarship Edition
1408,Swords and Soldiers HD
1409,Shantae and the Pirate's Curse
1410,Commander Conquest of the Americas
1411,Agricultural Simulator 2011 Extended Edition
1412,DOOM 3 BFG Edition
1413,The Walking Dead Survival Instinct
3019,SpaceChem
1414,The Dead Linger
2943,The Good Life
1415,Boo Bunny Plague
1416,ENKI
1417,Unreal Gold
1418,CaesarIA
1419,Blade Symphony
1420,Call of Duty Ghosts
1421,Kane & Lynch 2 Dog Days
1422,The Sims(TM) Medieval
1279,Insane 2
1424,Borderlands 2
1425,A Golden Wake
1426,Drunken Robot Pornography
1427,Grimoire Manastorm
1428,Starscape
1429,To End All Wars
2762,The Evil Within
1431,Vertiginous Golf
1432,Jumpdrive
3381,Cannon Brawl
1349,The Adventures of Tree
1435,The Beginner's Guide
1436,Syberia
1437,StarMade
1382,Pixel Space
1439,F.E.A.R. Online
1440,Reversion - The Escape
1136,The Mean Greens - Plastic Warfare
1442,Fractured Space
1443,The Guild Gold Edition
1407,Hegemony Rome The Rise of Caesar
1445,Battleplan American Civil War
3240,Star Wars - Jedi Knight II Jedi Outcast
1446,Black Fire
1970,Khet 2.0
1355,SCHAR Blue Shield Alliance
292,"Warhammer 40,000 Dawn of War II"
3447,Star Wars Republic Commando
1450,Speedball 2 Tournament
1451,Epic Cards Battle(TCG)
1513,Elite Dangerous Horizons
1453,Spacebase DF-9
3243,Hacker Evolution Duality
1455,Divinity II - The Dragon Knight Saga
1456,Fiends of Imprisonment
1457,Blitzkrieg 2 Anthology
1458,Codename Panzers - Cold War
1459,Worms
1460,Offspring Fling!
1461,Plain Sight
1462,Shiny The Firefly
1463,Escape
1464,Critical Mass
1465,Rome Total War - Alexander
3404,Bedlam
1467,World of Soccer online
1468,Wolfenstein The New Order German Edition
1469,Port Royale 2
1470,Port Royale 3
1471,Tom Clancy's H.A.W.X.
1472,Ultimate General Gettysburg
3249,Time Mysteries 2 The Ancient Spectres
1473,Anna - Extended Edition
1474,Eufloria
1475,Airline Tycoon Deluxe
1476,Grey's Anatomy The Video Game
1477,Age of Wonders III
1478,Lightfish
1479,Botanicula
1480,Organ Trail Director's Cut
1481,FINAL FANTASY IV
1482,Crusader Kings II
1483,The Binding of Isaac
3254,The Book of Unwritten Tales 2
2639,NBA 2K15
1486,Lost Planet Extreme Condition
1487,Fingerbones
1488,Batman Arkham Knight
1489,Galactic Civilizations II Ultimate Edition
1490,Painkiller Resurrection
1491,Indiana Jones and the Fate of Atlantis
1492,Space Rangers HD A War Apart
1493,A.R.E.S.
1494,Spintires
1496,Oddworld Stranger's Wrath HD
1497,Super Motherload
2643,Dungeon Siege
1499,Road Not Taken
1500,Apotheon Arena
1501,MotoGP14
1502,Tom Clancy's Splinter Cell Double Agent
2644,Super Killer Hornet Resurrection
1504,MotoGP13
1505,Asteroids Outpost
1506,Kenshi
3005,Escape Rosecliff Island
1508,Cry of Fear
1509,Oddworld Abe's Oddysee
1510,Rescue Team 5
1511,Metal Reaper Online
1097,BloodRayne
1514,Batman Arkham Origins
1515,Avadon The Black Fortress
1516,Startopia
1518,Full Spectrum Warrior
1519,"Cook, Serve, Delicious!"
1520,HAWKEN
2044,Zafehouse Diaries
1523,Medal of Honor Airborne
1032,Draconian Wars
1525,Post Apocalyptic Mayhem
1526,The Marvellous Miss Take
1527,Gladiators Online Death Before Dishonor
1528,Prey
1754,NEO Scavenger
1529,The Book of Unwritten Tales
1530,RUNNING WITH RIFLES
1532,Narco Terror
500,Broken Sword 2 - the Smoking Mirror Remastered
1534,Alice Madness Returns
1535,Age of Empires III Complete Collection
1536,FaceRig
1538,Montague's Mount
1539,Uncharted Waters Online Gran Atlas
3370,Waves
1541,AquaNox
1542,Weird Worlds Return to Infinite Space
1543,Dead or Alive 5 Last Round
1544,Wargame Red Dragon
327,Command and Conquer Red Alert 3
1546,Banished
1547,Metrocide
1548,MX vs. ATV Supercross Encore
1550,Air Conflicts - Secret Wars
1551,LIGHTNING RETURNS FINAL FANTASY XIII
1552,Aberoth
1553,The Talos Principle
1554,Dream
1555,Company of Heroes (New Steam Version)
1556,LIMBO
1557,One Night
1558,Trials Fusion
1559,Blades of Time
1833,Mafia
1757,Ampu-Tea
1562,Sam & Max 101 Culture Shock
1563,WTFast Gamers Private Network (GPN)
1564,The 39 Steps
1565,Fable - The Lost Chapters
1566,Puzzle Quest Galactrix
1567,Guardians of Graxia
1568,Half-Life Blue Shift
1569,Half-Life 2 Deathmatch
1570,Codename CURE
1571,Gotham City Impostors
1572,Secrets of Rtikon
1573,Mortal Kombat Komplete Edition
1574,The Vanishing of Ethan Carter
1575,Blood Bowl 2
1576,Ghostbusters The Video Game
2056,Franchise Hockey Manager 2014
1578,0RBITALIS
1579,Game Tycoon 1.5
2748,F1 2010
1580,Blood of the Werewolf
1581,Beyond Good & Evil
1582,Mark of the Ninja
2058,War in a Box Paper Tanks
1584,The Gate
1585,Jagged Alliance Flashback
2663,Prime World
1587,Shovel Knight
1588,Tales of Monkey Island Chapter 4 - The Trial and Execution of Guybrush Threepwood 
1589,L.A. Noire
3101,Sleeping Dogs Definitive Edition
888,Bridge Constructor Medieval
1591,Coil
1592,The Maw
1358,Delver
1594,Spore Galactic Adventures
1595,Hollywood Visionary
1596,Dino D-Day
1597,Dark Souls Prepare to Die Edition
1598,Project Explore
1599,Albino Lullaby Episode 1
1600,FlatOut
1601,Indie Game The Movie
2701,Half-Life 2
871,Deadly Profits
1602,RPG Maker XP
1603,Kingdom Wars
1604,Spriter Pro
2631,The Raven - Legacy of a Master Thief
2060,Warmachine Tactics
1606,Hatred
1607,Stick RPG 2
1608,Habitat
1609,Cities XL - Limited Edition
1610,STAR WARS X-Wing vs. TIE Fighter
1611,Mass Effect 2
281,ProtoGalaxy
1398,Putt-Putt Travels Through Time
1615,Eurofighter Typhoon
3281,Hotline Miami
1617,FIFA Manager 11
2062,Scribblenauts Unlimited
3282,X3 Albion Prelude
1620,Cthulhu Saves the World 
1621,Oniken
1622,3DMark 11
1623,Empires
1624,FLY'N
1495,Spore Creepy & Cute Parts Pack
1626,Pressured
3543,Castle of Illusion
1627,Tomb Raider I
1628,Blockstorm
1629,Arx Fatalis
1630,Thief Deadly Shadows
1631,AXYOS
1632,Savant - Ascent
1633,Nancy Drew Danger By Design
1634,Elsword
2066,Plug & Play
2067,Deus Ex Human Revolution - Director's Cut
1638,Grim Legends The Forsaken Bride
1639,Seduce Me the Otome
1641,The Tiny Bang Story
1642,Nation Red
1643,Rake
1644,Cryostasis
1645,East India Company
1646,Blackwell Convergence
1647,Counter-Strike Condition Zero
1648,Shad'O
1649,Urban Trial Freestyle
1650,GemCraft - Chasing Shadows
1651,Akuatica
1652,oO
1653,Nihilumbra
941,CastleStorm
2068,Fester Mudd Curse of the Gold - Episode 1
1655,Hitman 2 Silent Assassin
1656,Cortex Command
1657,Submerged
1658,MoW Face Off XL
1659,Heavy Bullets
2071,theHunter
1661,Nancy Drew The Haunted Carousel
1662,Cities in Motion
1663,Street Fighter IV
1664,To the Moon
1665,King Arthur Collection
1666,TDP5 Arena 3D
1668,Evolution RTS
1669,Only If
2687,Cities XL
1671,WWE 2K15
2917,Rusty Hearts
1675,Darkest Hour A Hearts of Iron Game
1676,Rugby Challenge 2
1677,SMITE
1678,Adventure Time  Explore the Dungeon Because I DONT KNOW!
1679,Crowntakers
1680,Rexaura
1681,Path of Exile
1682,Ikaruga
1683,Farlight Explorers
2074,Bionic Dues
2691,Distant Worlds Universe
3569,Strider
2075,Master Levels for DOOM II
1687,The Forest
1688,Back to the Future Ep 4 - Double Visions
1689,Resident Evil 6 / Biohazard 6
1690,MXGP - The Official Motocross Videogame
3590,Deepworld
1875,Modular Combat
1692,LEGO The Lord of the Rings
1693,Dota 2
1694,Assassin's Creed
1695,Shift 2 Unleashed
1696,Silent Storm Sentinels
1697,Empyrion - Galactic Survival
1698,Alien Swarm
1699,Stellar 2D
1700,Secret Files Tunguska
1701,Double Action Boogaloo
1702,Rotieer
2697,Lara Croft and the Guardian of Light
1704,Might & Magic Heroes VI
1705,OMSI 2
1706,Electronic Super Joy Groove City
1707,Pox Nora
1708,Booster Trooper
1709,SpellForce 2 - Demons of the Past
3126,Pretty Girls Mahjong Solitaire
1711,Sam & Max 104 Abe Lincoln Must Die!
3580,Dungeon Souls
1712,Serious Sam The Random Encounter
1713,Titan Attacks
1714,Castle
2082,Pro Evolution Soccer 2016
1716,Call of Duty Black Ops - Multiplayer
2700,Unreal Tournament Game of the Year Edition
1718,Cossacks Back to War
1719,Amnesia A Machine for Pigs
1720,War of the Vikings
1721,The Mighty Quest For Epic Loot
1722,Tales of Maj'Eyal
1723,Serious Sam HD The First Encounter
1724,Synergy
997,Call of Duty United Offensive
1727,Echo of the Wilds
1728,Total War Battles KINGDOM
2083,The Showdown Effect
1730,Street Fighter V Beta
1731,Myst Masterpiece Edition
1732,Painkiller Black Edition
1733,Crazy Taxi
1734,South Park The Stick of Truth
1735,Neverending Nightmares
1736,FINAL FANTASY VII
1737,Party of Sin
1738,Arma Cold War Assault
1667,"Demolition, Inc."
1740,Clash of Puppets
1741,ShootMania Storm
668,Kohan II Kings of War
1743,Verdun
1744,The Settlers Online
1745,Wargame European Escalation
1746,Dawn of Discovery
1747,Project AURA
1748,Stronghold Legends
1749,Eador. Masters of the Broken World
1751,Undertale
2087,Sins of a Solar Empire Rebellion
1753,Fortix 2
566,Tryst
1366,The Four Kings Casino and Slots
1755,Incredipede
1756,Rising World
2088,Doorways Prelude
1758,Kidnapped
1759,The Jackbox Party Pack 2
2707,Counter-Strike
1761,Commando Jack
1762,Portal 2 - The Final Hours
1763,GRID 2
1764,Gunman Clive
1765,Tales of Monkey Island Chapter 1 - Launch of the Screaming Narwhal
1766,Space Farmers
2810,Dungeons & Dragons Daggerdale
1767,Swarm Arena
290,Sid Meier's Civilization III Complete
906,Saints Row IV
1771,12 Labours of Hercules
1772,Sam & Max 201 Ice Station Santa
3524,Gigantic Army
1774,Gaokao.Love.100Days
1775,Wolfenstein
1776,Westerado Double Barreled
1778,Mortal Kombat X
1779,Men of War Red Tide
1780,A Virus Named TOM
1781,SNOW
1782,The Political Machine 2016
1784,EverQuest Secrets of Faydwer
1785,KWAAN
1786,NiGHTS into Dreams...
474,Gemini Wars
1788,Serious Sam 2
1789,Braid
827,Cities XL Platinum
1791,BRINK
3582,Aion Collectors Edition
1792,Fallen Enchantress Legendary Heroes
1794,Choice of Robots
1795,Unreal Tournament 3 Black Edition
1796,Psychonauts Demo
1797,Treasure Planet Battle at Procyon
1798,Dragomon Hunter
1799,Take On Mars
85,METAL SLUG DEFENSE
11,MoW Face Off M
1802,Endless Space
1803,Car Mechanic Simulator 2014
66,Geometry Dash
1805,B.U.T.T.O.N.
1806,Keen Dreams
1807,Aura Kingdom
1808,ToCA Race Driver 3
1809,District 187
1882,1Quest
2097,Painkiller Hell & Damnation
1812,X-COM Apocalypse
1813,Dungeon Hearts
1814,Drakensang
1815,Tomb Raider Chronicles
1816,Age of Wonders 2
1817,3DMark Vantage
1818,Zoombinis
1819,Call of Duty Advanced Warfare
1820,Arma 2 Private Military Company
1821,Call of Duty 2
169,Monster Loves You!
1823,VelocityUltra
2096,Peggle Nights
3314,Amazing Adventures Around the World
1826,Basement
1827,Afterlife Empire
1828,Earth 2160
1829,Alien Shooter Vengeance
1830,Hitman Contracts
1831,Worms Reloaded
216,Fortune Summoners Secret of the Elemental Stone
221,Deadly Premonition The Director's Cut
1834,Frozen Synapse
1835,Salt
1837,The Walking Dead
3095,Heroes of a Broken Land
1839,Noir Syndrome
1840,Spooky Cats
252,Battle for Graxia
1842,LUFTRAUSERS
1843,The Chaos Engine
1844,Cossacks II Battle for Europe
1845,Divinity II Developer's Cut
1846,Space Empires V
2371,Legends of Pegasus
301,Lumines
1848,The Elder Scrolls Online Tamriel Unlimited
1849,D.U.S.T.
3319,Fieldrunners
1851,ENSLAVED Odyssey to the West Premium Edition
1852,Mutant Mudds Deluxe
328,Rustbucket Rumble
1854,Alchemy Mysteries Prague Legends
3494,Genesis Online
1855,Renowned Explorers International Society
1856,eden*
1857,Disciples III Resurrection
1858,Bejeweled Deluxe
1859,GUN
389,Hotel Giant 2
1861,The Chronicles of Riddick Assault on Dark Athena
1862,Wanderlust Rebirth
3000,Mount & Blade Warband
1863,Victory At Sea
1864,Sublevel Zero
2724,Screencheat
1866,Tom Clancy's Ghost Recon
1867,Undead Overlord
1868,Far Cry 3 Blood Dragon
435,System Protocol One
1512,Ticket to Ride
1871,Iesabel
1872,UFO Extraterrestrials Gold
454,Space Quest Collection
459,Fading Hearts
1811,Zombie Shooter 2
470,Satellite Reign
1877,Meridian New World
1878,Rise of Venice
1879,Space Siege
1880,APOX
509,Crazy Machines
1883,Doodle God
1884,SPACECOM
545,Wings! Remastered Edition
1886,Planet of the Eyes
561,Half-Life Opposing Force
564,Back to the Future Ep 1 - It's About Time
1889,World of Zoo
1890,Rust
1891,One Way To Die Steam Edition
1892,Runespell Overture
1893,Star Wars Jedi Knight Dark Forces II
601,Before the Echo
1895,Servo
1896,Burgers
1897,Assassins Creed Chronicles China
1898,Year Walk
1899,Two Worlds Epic Edition
1900,"Sam & Max 103 The Mole, the Mob and the Meatball"
3325,Hearts of Iron III
1901,D.I.P.R.I.P. Warm Up
1902,Portal Stories Mel
1903,Transformers War for Cybertron
1904,Heroes Over Europe
650,The Whispered World
1906,GameMaker Studio
1908,O.R.B.
1909,The Elder Scrolls IV Oblivion 
1910,9.03m
1911,Legend of Fae
3326,The Path - Prologue
1913,Alpha Prime
1914,Analogue A Hate Story
1915,Counter-Strike Condition Zero Deleted Scenes
3446,Crypt of the NecroDancer
715,Galactic Civilizations I Ultimate Edition
1917,From Dust
1918,Hegemony III Clash of the Ancients
1919,DYNASTY WARRIORS 8 Xtreme Legends Complete Edition
1920,Alien Breed 3 Descent
753,The Witcher 2 Assassins of Kings Enhanced Edition
1922,Alan Wake's American Nightmare
765,Talisman Prologue
772,The Golf Club
1836,Crusader Kings Complete
1926,Doctor Who The Eternity Clock
1927,Interplanetary
1928,Time Clickers
1929,Nancy Drew Secrets can Kill
1930,Call of Duty Black Ops III
1931,Tom Clancy's Rainbow Six 3 Gold Edition
1932,FATE Undiscovered Realms
1933,Pixel Puzzles UndeadZ
1934,Towns
1935,Way of the Samurai 4
1936,Kingdom Wars 2 Battles
846,Loadout Campaign Beta
1938,FX Football - The Manager for Every Football Fan
1939,Call of Duty Black Ops
866,Heroes of Scene
1941,Sniper Ghost Warrior
887,Who's That Flying?!
1943,Major Mayhem
1944,Maelstrom
1945,Eden Star  Destroy - Build - Protect
1946,Defender's Quest Valley of the Forgotten
627,Freddi Fish and Luther's Maze Madness
1948,Defense Grid 2
937,The Otherside
1950,Tales from Space Mutant Blobs Attack
1951,Dwarfs F2P
2739,Red Bull X-Fighters
1953,Antichamber
1955,RIDE Game
1956,Reassembly
1957,Eternal Senia
1958,Sherlock Holmes versus Jack the Ripper
1041,"Hack, Slash, Loot"
1960,Villagers and Heroes
1961,Kingdom Rush
2743,F1 2015
1061,The Ultimate DOOM
1963,LEGO Batman The Videogame
1964,Tales of Monkey Island Chapter 3 - Lair of the Leviathan 
2744,F1 2014
1073,Better Late Than DEAD
1077,TrackMania United
1967,Sins of a Solar Empire Trinity
1090,Q.U.B.E Director's Cut
852,The UnderGarden
1110,Sun Blast
1973,Quake II
1210,Legacy of Kain Soul Reaver
1142,Medal of Honor(TM) Multiplayer
1976,Afterfall InSanity Extended Edition
1977,Counter-Strike Nexon Zombies
1978,Sherlock Holmes and The Hound of The Baskervilles
1979,Fortix
1980,Lucidity
1981,Infect and Destroy
1982,FOTONICA
2843,planetarian ~the reverie of a little planet~
3430,Ether One
1983,Dungeon Defenders II
1984,A Game of Thrones - Genesis
1985,Distant Star Revenant Fleet
1986,Rodina
1244,"Warhammer 40,000 Dawn of War  Winter Assault"
1989,Fight The Dragon
1990,PAYDAY 2
1010,Scribblenauts Unmasked
1233,Cities Skylines
1993,Karate Master 2 Knock Down Blow
1533,Puzzle Chronicles
1241,Full Mojo Rampage
1996,Might & Magic Heroes VII 
1997,Grand Theft Auto Vice City
1998,The Beast of Lycan Isle - Collector's Edition
1999,Toybox Turbos
2967,DayZ
1281,Nom Nom Galaxy
2001,Heroes of Might & Magic V Tribes of the East
270,Theme Park Studio
3344,Farming Giant
1750,SickBrick
2005,Disciples II Gallean's Return
409,Particula
2006,Tom Clancy's Splinter Cell Blacklist
2007,Warframe
975,FortressCraft Evolved
1257,1953 NATO vs Warsaw Pact
1343,Earth 2150 Trilogy
2011,Dark Messiah of Might & Magic Single Player
2012,Divine Divinity
1371,Watchmen The End Is Nigh
2014,Rebuild 3 Gangs of Deadsville
2015,Midnight Mysteries Salem Witch Trials
2016,Franchise Hockey Manager 2
2017,PAYDAY The Web Series - Episode 1
2018,Post Mortem
2019,Galcon Fusion
2020,CRYENGINE
2022,The Polynomial
2023,Realms of the Haunting
2024,GestureWorks Gameplay
2025,resident evil 4 / biohazard 4
1444,Humanity Asset
2027,The Repopulation
2028,Robocraft
2029,Dawn of Discovery - Venice
3205,Insurgency Modern Infantry Combat
2030,Enclave
2031,Sang-Froid - Tales of Werewolves
2033,Memoir '44 Online
2034,Spooky's House of Jump Scares
2035,T.E.C. 3001
2036,Freight Tycoon Inc.
2037,Arma 2 DayZ Mod
2756,Magicka
2039,Tiny and Big Grandpa's Leftovers
2040,Tropico 3 - Steam Special Edition
2757,Lone Survivor The Director's Cut
2042,Canyon Capers
1673,Waking Mars
1521,Another Perspective
2045,NASCAR The Game 2013
2046,Silent Hunter Wolves of the Pacific U-Boat Missions
2047,God Mode
2048,Over 9000 Zombies!
2132,Max The Curse of Brotherhood
2050,Rocket League
2051,404Sight
2052,Peggle Extreme
2053,Doc Clock The Toasted Sandwich of Time
2054,Super 3-D Noah's Ark
2055,Men of War Condemned Heroes
1577,Duck Dynasty
2057,Titan Souls
1583,Order of War Challenge
2059,Kyn
1605,Convoy
2108,BLOCKADE 3D
2061,Game Dev Tycoon
1618,WAKFU
2063,Spore
2064,Gurumin A Monstrous Adventure
2134,Star Wars Jedi Knight Jedi Academy
1635,Scoregasm
1637,Heroes & Generals
1954,Knock-knock
2069,Earth Defense Force Insect Armageddon
2070,inMomentum
1660,School of Dragons How to Train Your Dragon
2072,Demise of Nations Rome
2764,Primal Carnage Extinction
1684,BeamNG.drive
1686,Samorost 2
1447,Pro Evolution Soccer 2013
2078,The Club
2079,Pro Evolution Soccer 2015
2080,Pro Evolution Soccer 2014
2081,Supreme Commander
1715,BookWorm Adventures Volume 2
1729,Eufloria HD
2084,FreeStyle2 Street Basketball
2085,DARK SOULS II Scholar of the First Sin
2086,Space Hulk Ascension
1752,Wallace & Gromit Ep 4 The Bogey Man
1545,Kill Fun Yeah
1768,Ancient Space
2090,Collapse
1801,Super Splatters
3317,Might & Magic Duel of Champions
1810,Dungeons 2
2092,Contraption Maker
2093,Geometry Wars Retro Evolved
2095,Contrast
1824,Dead Effect
356,Company of Heroes Tales of Valor
2098,King's Bounty Armored Princess
2099,Just Cause
2100,Contagion
1966,Universe Sandbox 
2101,Quake Live
2102,DarkEnd
2103,Inside a Star-filled Sky 
131,Anachronox
2105,Delta Force Black Hawk Down - Team Sabre
2771,Tom Clancy's H.A.W.X. 2
352,Batman Arkham City GOTY
2109,Grimind
2110,Dangerous Waters
230,Arma Combat Operations
2112,Soccer Manager 2016
3361,The Bureau XCOM Declassified
2114,Soccer Manager 2015
2115,12 Labours of Hercules III Girl Power
2116,The Book of Unwritten Tales The Critter Chronicles
2117,Windward
2772,Shadow Warrior
2119,Skyward Collapse
2120,Naval Warfare
1971,SpellForce Platinum Edition
2122,Black Sails
2123,Ship Simulator Extremes
2124,Avernum Escape From the Pit
2125,Super Panda Adventures
2004,Akaneiro Demon Hunters
3257,Omerta - City of Gangsters
2127,RESCUE 2
2128,Sigils of Elohim
2129,Buccaneer The Pursuit of Infamy
2130,The Yawhg
2131,Guilty Gear Isuka
2049,Rise of the Argonauts
2133,Dishonored (RU)
2065,Minimon
2135,The Kings' Crusade
2136,Combat Wings Battle of Britain
2137,Aura Fate of the Ages
2138,A-Train 8
2139,RaceRoom Racing Experience 
2140,Vlad the Impaler
2141,Lunar Flight
2142,Arcane Worlds
2143,Bejeweled 3
2144,Free to Play
2145,Pro Cycling Manager Season 2009
2146,Teenage Mutant Ninja Turtles Out of the Shadows
2147,LEGO Batman 2
2148,Babel Rising
2149,Redshirt
2150,Dogs of War Online - Beta
2151,Ace of Spades
2303,Borderlands 2 RU
2152,The Musketeers Victoria's Quest
853,Psycho Starship Rampage
2154,Sakura Angels
2155,Might & Magic Heroes Online
2156,TrackMania Stadium
2157,Costume Quest
2158,Sanctum
2159,Sam & Max 106 Bright Side of the Moon
2160,Cloud Chamber
2161,Quantum Rush Online
2162,Ys I
2153,Metro Last Light
2163,A Bird Story
2164,Enforcer Police Crime Action
2165,Divinity II - Ego Draconis
2166,Aggression Europe Under Fire
2167,Taxi
3356,HeXen Beyond Heretic
2169,Nexus The Jupiter Incident
2170,Nux
2781,DEFCON
2171,World in Conflict
2172,Devil May Cry 3 Special Edition
2173,Down To One
2174,Cubemen
2175,Orcs Must Die! 2
2176,ONE PIECE PIRATE WARRIORS 3
2177,Proteus
2178,Commandos Beyond the Call of Duty
2179,Seven Kingdoms 2 HD
2180,RollerCoaster Tycoon
1832,MURDERED SOUL SUSPECT
2181,The Banner Saga
2182,Shellshock 2 Blood Trails
2183,Esenthel Engine
2184,Amazing World
2185,Larva Mortus
2186,Sorcerer King
2187,Darkstone
2188,Ragnarok Online 2
2189,Tom Clancy's Rainbow Six Vegas
2190,Septerra Core
2191,Grand Theft Auto Episodes from Liberty City
1674,Tropico 3 Absolute Power
2193,The Treasures of Montezuma 4
2194,The Ball
2195,Cobi Treasure Deluxe
2196,HOARD
2197,Stronghold Crusader Extreme HD
2199,LEGO Harry Potter Years 5-7
2200,Apotheon
2201,Resident Evil Revelations 2 / Biohazard Revelations 2
2202,AaAaAA!!! - A Reckless Disregard for Gravity
3034,Sniper Elite Nazi Zombie Army 2
2203,Broken Sword 4 - the Angel of Death
1274,Overture
2206,Diamond Dan
2207,RACE Caterham Expansion
2208,Ethan Meteor Hunter
2209,Shattered Union
2210,Space Trader Merchant Marine
2121,Sins of a Dark Age
2211,Shadowrun Dragonfall - Director's Cut
2212,Hexcells
2213,MechWarrior Online
2789,Grand Theft Auto III
2215,Epic Battle Fantasy 4
2216,Camera Obscura
2217,Prince of Persia The Two Thrones
2218,Depth
2219,The Basement Collection
932,Drakensang The River of Time
2222,GUILTY GEAR XX ACCENT CORE PLUS R
2223,Super Meat Boy
2224,Europa Universalis III
2225,Grotesque Tactics Evil Heroes
2226,Patrician III
843,Missing Translation
2228,Wolfenstein 3D
1925,Stronghold Crusader 2
2230,WRC 5
2231,Audiosurf
2232,Anomaly 2
2233,Sam & Max 205 What's New Beelzebub?
2234,Fallout New Vegas
2235,Runers
2236,Narcissu 1st & 2nd
2237,Rogue Trooper
2238,Borderlands The Pre-Sequel
2239,RONIN
2240,Beyond Space
2241,Star Traders 4X Empires
2710,Tree of Life
2243,Darkspore
2244,HuniePop
2245,Crystals of Time
2246,UFO Afterlight
855,Patrician IV Steam Special Edition
2248,Battle Academy
3061,X Beyond the Frontier
2249,Total War SHOGUN 2
2250,Millennium - A New Hope
2251,Peggle Deluxe
2252,Serious Sam Classics Revolution
2253,Rochard
2254,Eternal Silence
2255,Shipwreck
2256,Company of Heroes Europe at War
2257,Deadlings - Rotten Edition
2258,Half-Life
2259,Secret Ponchos
2260,Dinosaur Hunt Africa Contract
2261,Blood Bowl Legendary Edition
2262,Majesty 2
2263,Super Puzzle Platformer Deluxe
2264,Next Car Game Sneak Peek 2.0
2265,Without Within
2266,Anomaly Korea
3219,Solar Flux
2267,Lamia Must Die
2268,Unstoppable Gorg
2269,Dungeon Siege 2
2270,Angels of Fasaria Version 2.0
2271,Tradewinds Caravans
2272,Sol Survivor
2273,Kingdoms
2274,Don Bradman Cricket 14
2275,Aquaria
2277,Monaco
2278,ArtRage Studio Pro
2279,Under the Ocean
957,Worldwide Soccer Manager 2009
3505,Big Money! Deluxe
2281,Cricket Captain 2014
2282,Sacred Citadel
2283,Pirates of Black Cove Gold
2284,Enemy Territory Quake Wars
3392,Strike Suit Zero Director's Cut
2286,Shank 2
2287,Antisquad
3247,TrackMania Valley
2289,McPixel
2290,Angels Fall First
2291,Reveal The Deep
2292,"Warhammer 40,000 Dawn of War  Soulstorm"
2293,The Escapists
2765,Life Is Strange
2295,Space Hulk
2296,Shatter
2297,Saints Row 2
2298,Unity of Command
2299,Dreamfall The Longest Journey
2300,GundeadliGne
2301,Platypus II
2302,Sherlock Holmes Nemesis
1777,Requiem
2304,The Stalin Subway
3399,Sacred 2 Gold
250,Dream Pinball 3D
2307,Company of Heroes 2
2308,NEKOPARA Vol. 0
2310,Arma 2 Operation Arrowhead
2311,LEVEL 22
2312,Call of Duty Advanced Warfare - Multiplayer
1636,GTR Evolution
2315,Monopoly
2316,Magicka Wizard Wars
2317,KAMI
2318,Total War ROME II - Emperor Edition
2319,Roguelands
3032,Death Skid Marks
2320,Lords of the Black Sun
2321,Freaking Meatbags
2322,Dungeonland
2323,Reus
160,Nancy Drew Alibi in Ashes
2325,Puzzle Quest 2
1238,DC Universe Online
2326,Team Fortress Classic
2327,Not The Robots
2328,Legend of Dungeon Masters
2329,Sugar Cube Bittersweet Factory
2330,Strong Bad Episode 2 Strong Badia the Free
2331,Sanitarium
2332,Kung Fury Street Rage
621,Revelations 2012
1374,Chip
2335,Over the Dream
2336,theHunter Primal
2337,The Ship Tutorial
2338,Hitman Absolution
2339,Aveyond 3-1 Lord of Twilight
2340,WRC Powerslide
2341,Steel Storm Burning Retribution
2342,Pixel Piracy
2343,TUG
2344,Carmageddon Max Pack
2345,Amazing Adventures The Lost Tomb
2346,Floating Point
2347,Wizorb
2348,Commandos 2 Men of Courage
2809,War of the Human Tanks
2350,Cyto
2351,Higurashi When They Cry - Ch.1 Onikakushi
2352,Dustoff Heli Rescue
2353,18 Wheels of Steel American Long Haul
3304,Royal Defense
2354,Labyronia RPG
2355,Indigo Prophecy
2356,Nancy Drew Danger on Deception Island 
2357,METAL GEAR SOLID V THE PHANTOM PAIN
2358,Grand Chase
3577,Tactical Intervention
2359,Professional Farmer 2014
2360,Democracy 2
2361,Age of Chivalry
2593,AI War Fleet Command
2362,Max and the Magic Marker
2363,DiRT 3 Complete Edition
2364,Dogfight 1942
2365,Mission Control NanoMech
3513,SONIC THE HEDGEHOG 4 Episode I
2366,Dragon's Lair
2367,Your Doodles Are Bugged!
2368,Anno 2205
2369,Red Orchestra Ostfront 41-45
2370,Robotex
1725,Decay - The Mare
1969,Insaniquarium! Deluxe
2373,Dynomite! Deluxe
2374,Immortal Empire
2375,Destiny Warriors
2376,Rhythm Zone
3534,Silent Hill Homecoming
2378,Call of Duty Black Ops - Multiplayer OSX
2379,Sword Coast Legends
2380,New kind of adventure
3562,Guncraft
2382,Nightmares from the Deep 3 Davy Jones
2383,Zuma Deluxe
1590,Among the Sleep
2385,Intergalactic Bubbles
3407,Port of Call
2812,SEGA Genesis & Mega Drive Classics
2388,BioShock
2389,KnightShift
2390,Ravensword Shadowlands
2813,Half-Life 2 Episode One
2393,sZone-Online
2395,Battlepaths
2396,BloodRayne Betrayal
2397,Weapons Genius
2398,Battlefield 2
69,Valkyria Chronicles
2401,Legend of Dungeon
2402,Marvel Puzzle Quest
2192,Ballad of Solar
2404,Voices from the Sea
2405,DiRT Showdown
2406,Zombies Monsters Robots
101,The Witcher Adventure Game
2408,Planetary Annihilation TITANS
1593,Euro Truck Simulator 2
2410,Dynamite Jack
130,Neighbours from Hell 2
2414,Joe Danger
2415,EverQuest II
2416,Forge
2417,Signal Ops
3108,Xpand Rally Xtreme
157,Supreme Ruler Cold War
2419,Call of Duty Modern Warfare 3
165,Call of Duty Modern Warfare 2
2421,Tomb Raider (VI) The Angel of Darkness
2422,Little Big Adventure 2
2106,Autocraft
2424,Coffin Dodgers
2426,Fallout 2
2427,Fallout 3
196,Blackguards 2
2429,Frontlines Fuel of War
1066,Jet Gunner
3411,Dead Rising 2 Off the Record
2432,Memento Mori 2
2433,TERA
374,Life of Pixel
1268,Darksiders
2436,Global Agenda - Beta
243,Skyborn
2438,Guild Wars Trilogy
2439,The Sun at Night
276,I-Fluid
2441,Deus Ex Human Revolution - The Missing Link
2442,Season Match 3 - Curse of the Witch Crow
2443,Europa Universalis IV
2820,Bulletstorm
2445,Dead Space 2
3206,GEARCRACK Arena
330,Dizzel
2447,Disney Infinity 2.0
2448,Zombie Tycoon 2 Brainhov's Revenge
2449,Anno 1404
2450,Puzzle Dimension
2451,Schrdinger's Cat and the Raiders of the Lost Quark
2452,SpellForce 2 Gold Edition
2453,Eldritch
2294,Planets Under Attack
1452,Viscera Cleanup Detail
2456,The Adventures of Mr. Bobley
2457,Creeper World 3 Arc Eternal
2458,Kohan Immortal Sovereigns
2459,BIT.TRIP CORE
2460,Lucid
2461,Terminator Salvation
2462,Eldevin
457,Rampage Knights
2465,Electronic Super Joy
463,Diaper Dash
2467,TimeShift
2468,Why So Evil 2 Dystopia
487,Moon Breakers
222,DARK
2471,Jagged Alliance 2 - Wildfire 
1531,Airport Simulator 2014
2473,Epic Arena
2474,Subnautica
521,If My Heart Had Wings
531,Deathmatch Classic
2204,Euro Truck Simulator
2479,MicroVolts Surge
2480,This War of Mine
2759,Machinarium
2481,Flora's Fruit Farm
2483,Endless Sky
2484,R.B.I. Baseball 15
2485,Imperium Romanum Gold Edition
2486,Depression Quest
2487,Void Destroyer
2488,Fallout
2489,DeathSpank Thongs Of Virtue
3152,Alter World
2491,X-COM UFO Defense
2492,BlazeRush
2493,Hatoful Boyfriend
2494,Tom Clancy's Rainbow Six Vegas 2
2495,Steredenn
636,The Whispered World Special Edition
2497,Colin McRae Rally
2498,Shadow Warrior Classic (1997)
2499,OCEAN CITY RACING
2500,Deadbreed
2021,The Cat and the Coup
2502,Borderless Gaming
2503,Depths of Peril
3270,Metro 2033 Redux
2504,Landmark
2505,Third Eye Crime
2008,Serious Sam 3 BFE
1907,Edna & Harvey Harvey's New Eyes
2508,Penguins Arena Sedna's World
2509,Glare
2510,Wallace & Gromit Ep 2 The Last Resort
2511,Batla
3532,Nexuiz
2512,Knightmare Tower
2513,Fall of the New Age Premium Edition
741,Dragon Age Origins
751,Nancy Drew The White Wolf of Icicle Creek
2516,Choice of the Deathless
2517,Hack 'n' Slash
2518,fault milestone two sideabove
2519,Commander Conquest of the Americas Gold
2520,Sokobond
2521,Avernum 5
2522,Avernum 4
2523,Avernum 6
2524,Disney Infinity 3.0 Play Without Limits
2525,The Lost Crown
2526,XCOM Enemy Unknown
2527,"10,000,000"
819,BloodLust Shadowhunter
2529,Quest of Dungeons
2530,Point Perfect
2531,Dark Arcana The Carnival
2532,Strike Suit Zero
2533,Xenonauts
2534,Trine 3 The Artifacts of Power
2535,Anodyne
2536,ACE - Arena Cyber Evolution
2537,Grand Class Melee 2
1974,Estranged Act I
2538,Solar 2
2539,Command and Conquer 3 Tiberium Wars
2540,Monster Bash
2541,Ubersoldier II
1614,Retro City Rampage DX
2403,Fire
2543,RISK Factions
2544,Transistor
2545,Sparkle 2 Evo
2546,Return to Mysterious Island 2
2547,X3 Reunion
2548,How To Survive Third Person
2549,Cargo Commander
2550,The Amazing Spider-Man 2
2551,Realm of the Mad God
2552,Red Faction II
3398,Hunting Unlimited 2010
2553,Blacklight Tango Down
2554,Loom
2555,Renegade Ops
2556,Chronicles of a Dark Lord Episode 1 Tides of Fate Complete
2557,Ironcast
2558,Blitzkrieg Anthology
2559,Shadows of War
986,The Typing of The Dead Overkill
2561,Shadowgate MacVenture Series
3434,Shadow Warrior Classic Redux
2563,Revolution Ace
2564,Drawn The Painted Tower
2565,Red Orchestra 2 Heroes of Stalingrad - Single Player
2566,You Have to Win the Game
2567,Wizardry 8
2568,Rogue's Tale
2569,Damned
2570,Broforce
2571,Magic The Gathering - Duels of the Planeswalkers
3436,Age of Empires II HD Edition
2573,Jacob Jones and the Bigfoot Mystery  Episode 2
2574,PARTICLE MACE
1076,Gunpoint
2576,American Conquest - Fight Back
432,Tesla Effect
2579,The Elder Scrolls III Morrowind
427,Despair
1108,Strong Bad Episode 4 Dangeresque 3
2582,War of the Roses Balance Beta
1116,Dungeon Defenders Eternity
2584,Divinity Dragon Commander Beta
2585,The Campaign Series Fall Weiss
1135,FIST OF AWESOME
1138,AKIBA'S TRIP Undead & Undressed
2588,Arctic Combat
2589,Shadow Puppeteer
2590,Red Stone Online
2591,Fast & Furious Showdown
3242,Transformers Fall of Cybertron
1186,Journey Of The Light
1625,Homefront
2594,Guild Commander
128,Worms Crazy Golf
2596,Age of Mythology Extended Edition
2597,FootLOL Epic Fail League
2598,R.O.O.T.S
2599,Numen Contest of Heroes
2600,Pink Heaven
2601,Squishy the Suicidal Pig
2602,Cognition An Erica Reed Thriller
3379,1000 Amps
2603,Shadowrun Hong Kong
2604,Silverfall
1038,Shadow Man
2607,X-Tension
2608,Unreal Tournament 2004
3443,Deponia
2610,Giana Sisters Twisted Dreams - Rise of the Owlverlord
2611,Emily is Away
2612,Season of Mystery  The Cherry Blossom Murders
2613,Reign Of Kings
3139,Reverse Crawl
2309,The Black Watchmen
2615,Castlevania Lords of Shadow  Mirror of Fate HD
2616,Critter Crunch
2617,Bus Driver
2618,Black Viper Sophia's Fate
1336,Oozi Earth Adventure
2009,Street Fighter X Tekken
2620,GRID Autosport
2621,NEKOPARA Vol. 1
2205,Kill The Bad Guy
2623,Quake 4
2229,Evochron Mercenary
2624,Expeditions Conquistador
2625,Ignite
2626,Blood Bowl Dark Elves Edition
1399,Fairy Bloom Freesia
1975,Sonic & All-Stars Racing Transformed
742,Manyland
2630,Cossacks II Napoleonic Wars
436,War Inc. Battlezone
2632,Age of Conan Rise of the Godslayer
2633,Resident Evil 5 / Biohazard 5
2634,Warface
2635,Sacred Gold
91,Heroes and Titans Online
2637,Samantha Swift and the Golden Touch
2850,Hate Plus
1485,Quantum of Solace
2640,NBA 2K14
2641,NBA 2K16
2642,NBA 2K11
1498,NBA 2K13
1503,NBA 2K12
2645,The Clockwork Man
2646,Boring Man - Online Tactical Stickman Combat
2647,Hazard Ops
2648,RADical ROACH Deluxe Edition
95,STORM Frontline Nation
2649,Deus Ex Invisible War
2650,Gray Matter
2651,ArcaniA
2652,Beatbuddy Tale of the Guardians
2653,Watch_Dogs
2654,Draw a Stickman EPIC
2655,Pineview Drive
2656,Conquest of Champions
2853,The Bridge
1561,Remember Me
2659,Puzzle Bots
2660,Men of War Vietnam
2661,Droplitz
2662,Lilly Looking Through
1586,Risk of Rain
2664,Block Story
2665,Final Hours of Titanfall
2666,STARWHAL
2667,Gish
2668,Starpoint Gemini 2
2669,Ghostbusters Sanctum of Slime
2670,Victory Command
2671,Never Alone (Kisima Ingitchuna)
2672,Condemned Criminal Origins
2674,Hard Truck Apocalypse Rise Of Clans / Ex Machina Meridian 113
2675,Wargame AirLand Battle
2676,Strategic War in Europe
2678,Farming Simulator 15
2679,Reversi
2680,Jade Empire Special Edition
2681,Space Warp
2682,DiRT Rally
2683,Sam & Max 305 The City that Dares not Sleep
2684,Command and Conquer 3 Kane's Wrath
2685,Stonehearth
2686,FUEL
1670,Magic The Gathering  Tactics
2688,Warside
2689,Woody Two-Legs Attack of the Zombie Pirates
2690,Blazing Angels Squadrons of WWII
1685,Black Ink
2692,Rigonauts
2693,Hyper Fighters
2694,Red Faction Armageddon
2696,Freedom Fall
1703,White Noise Online
2698,Foreign Legion Multi Massacre
2699,Chainsaw Warrior
1717,Sweet Lily Dreams
698,Carmageddon Reincarnation
2857,The Old Tree
2703,Final Dusk
2704,Penny Arcade's On the Rain-Slick Precipice of Darkness 3
2705,Train Fever
2706,SimpleRockets
617,Penny Arcade's On the Rain-Slick Precipice of Darkness 4
2708,NotGTAV
2709,Sandmason
2711,Edna & Harvey The Breakout
2712,Wildlife Park 2 - Dino World
2713,Penumbra Black Plague
1310,Original War
2715,Desperados - Wanted Dead or Alive
2717,Trucks & Trailers
448,Men of War Assault Squad 2
2719,Unmechanical
2720,Everyday Genius SquareLogic
2721,4 Elements
2722,Star Wolves
2723,Infinifactory
1865,The Flame in the Flood
2725,Hydrophobia Prophecy
2726,Paper Sorcerer
2727,Dodge
2728,Anoxemia
2729,Swipecart
2730,Binary Domain
2731,Super Time Force Ultra
2605,Icewind Dale Enhanced Edition
2733,Paint the Town Red
2734,Citadels
2735,Autobahn Police Simulator
2736,Left 4 Dead
2737,SUPER DISTRO
1949,Gold Rush! Classic
1952,MirrorMoon EP
2740,Movie Studio 13 Platinum - Steam Powered
2741,FTL Faster Than Light
2742,Defy Gravity
2276,TowerFall Ascension
2247,Sacred 3
2745,F1 2013
2695,Light of Altair
2747,F1 2011
2475,The Collider
2749,No Time to Explain
2750,Ryse Son of Rome
2751,Golden Rush
2752,Outcast 1.1
2753,AZMD! Scorepocalypse 
2038,PAYDAY The Heist
2041,Grow Home
2758,Gods Will Be Watching
105,Sniper Elite Zombie Army
2760,Tiny Bridge Ratventure
2761,Super Sanctum TD
856,Dollar Dash
2763,Kinetic Void
2073,Mount & Blade
452,Vertical Drop Heroes HD
2766,Primordia
2767,Victim of Xen
2768,King Arthur II - The Role-playing Wargame
2769,Incoming Forces
2770,Rocketbirds Hardboiled Chicken
2107,Why So Evil
2118,Sid Meier's Railroads!
2773,Divinity Dragon Commander
673,DUNGEONS - Steam Special Edition
2774,Children of the Nile
2775,Wolfenstein 3D Spear of Destiny
2776,Gumboy Crazy Adventures
2778,The Culling Of The Cows
2868,Nancy Drew Shadow at the Water's Edge
3464,Space Ace
3048,Crysis Wars
1672,D4 Dark Dreams Don't Die
2782,Poker Night at the Inventory
2783,LEGO MARVEL Super Heroes
2784,Ride! Carnival Tycoon
2785,Shadowgate
23,FLOCK!
2787,Star Wars Empire at War Gold
2788,Out of the Park Baseball 16
2214,Sword of the Stars Complete Collection
1654,Out of the Park Baseball 14
2791,Out of the Park Baseball 15
2792,Ascendant
2793,Osmos
2794,Vagante
2795,Sometimes Success Requires Sacrifice
2796,The Longest Journey
2435,DisplayFusion
2797,Jagged Alliance Online - Steam Edition
2798,Faerie Solitaire
2799,Assassin's Creed Brotherhood
3466,Descent 2
2801,Stonerid
2802,Thinking with Time Machine
2803,Kingdom
2804,Ghost Master
2805,Crimsonland
2806,Light
2807,The Night of the Rabbit
2808,Thief Gold
2349,Rhythm Destruction
701,BlazBlue Calamity Trigger
2811,Universal Combat CE
2387,Catmouth Island
2391,The Sims(TM) 3
3130,And Yet It Moves
2815,Adventures of Shuggy
2816,"Warhammer 40,000 Kill Team"
2817,Red Faction
2818,Little Farm
2819,IL-2 Sturmovik 1946
2444,BIT.TRIP Presents... Runner2 Future Legend of Rhythm Alien
2821,Cosmic DJ
2822,Secret Files Puritas Cordis
595,Aces Wild Manic Brawling Action!
2824,Tomb Raider
2825,Close Combat - Gateway to Caen
2826,Mountain
2827,Heroes of Might & Magic V Hammers of Fate
2828,Paranautical Activity Deluxe Atonement Edition
2829,The Fish Fillets 2
38,Painkiller Redemption
2831,DOOM II Hell on Earth
2506,Haunt the House Terrortown
2833,East India Company Privateer
2834,99 Levels To Hell
2835,TIS-100
2836,The Cat Lady
2837,MDK
1987,Octodad Dadliest Catch
3473,Randal's Monday
2839,DmC Devil May Cry
2840,Gumboy Crazy Features
2841,The Hat Man Shadow Ward
2842,Broken Sword 1 - Shadow of the Templars Director's Cut
3423,Child of Light
1466,Crossfire Europe
2844,The Graveyard
2845,An Assassin in Orlandes
2846,Cubot
2847,Wallace & Gromit Ep 1 Fright of the Bumblebees
2848,Bound By Flame
2849,Mechanic Escape
2638,Disciples III Reincarnation
2851,Solstice Arena
2852,Depth Hunter 2 Deep Dive
2657,Half-Life 2 Lost Coast
3110,Soldier Front 2
2854,The Last Remnant
2855,Five Nights at Freddy's
2002,Teddy Floppy Ear - The Race
2856,Surgeon Simulator
2702,Claire
2858,Mega Man Legacy Collection
2830,Don't Starve
2859,Tomb Raider II
3476,You Must Build A Boat
817,Aion
2861,Call of Duty
2862,Rune Classic
2863,EasyAntiCheat eSports
2864,Deus Ex Human Revolution
2865,Face Noir
2866,LEGO Worlds
2867,Cities XXL
2779,Psychonauts
1449,Far Cry
2869,Flight Control HD
2870,9 Clues The Secret of Serpent Creek
2871,Hamilton's Great Adventure
2872,Gunship!
2873,Gravilon
2076,BIT.TRIP FATE
2875,Middle-earth Shadow of Mordor
2876,Grand Ages Rome
2877,Retro/Grade
2878,Polarity
2777,Pacific Storm
2880,Lara Croft and the Temple of Osiris
2314,Party Hard
2882,The Albino Hunter
2883,Space Run
2884,Black Mirror
2885,Dead Pixels
2886,Akane the Kunoichi
2887,Mainland
1549,The Masterplan
2889,Age of Conan Unchained - EU version
2888,Quake Mission Pack 1 Scourge of Armagon
2892,HIT
2893,Geometry Wars 3 Dimensions Evolved
384,GooCubelets
2895,Tetrobot and Co.
2896,The Deer
2897,Uriel's Chasm
2890,X-COM Terror from the Deep
2898,Injustice Gods Among Us Ultimate Edition
2899,Power-Up
2900,Full Spectrum Warrior Ten Hammers
2901,OTTTD
2507,Intrusion 2
2902,Bleed
2903,Source Filmmaker
2904,Space Engineers
2905,Game of Thrones - A Telltale Games Series
2381,Out There Somewhere
2908,International Snooker
2909,Bad Hotel
2910,Alganon
2911,The Way of Life Free Edition
20,Might & Magic Clash of Heroes
2913,Medieval II Total War
2914,Minecraft Story Mode - A Telltale Games Series
2915,Grand Theft Auto
2916,Castaway Paradise
127,Escape Machines
2919,Empire Total War
3488,Gun Monkeys
2921,MEDIEVAL Total War - Gold Edition
3552,Virtua Tennis 4
2922,The Void
2923,Our Darker Purpose
2894,Magic Duels
2925,The Moon Sliver
2926,Residue Final Cut
2906,The Silent Age
2928,Foreign Legion Buckets of Blood
2929,Dysan the Shapeshifter
2930,Postal 3
2931,Sonic Adventure DX
2932,Zero Gear
2933,Etherlords II
2934,RAW - Realms of Ancient War
2677,"Warhammer 40,000 Armageddon"
2738,Tropico
2936,DCS World
2937,Patch testing for Chivalry
2938,Half-Life 2 Episode Two
2501,YOU DON'T KNOW JACK Vol. 2
2939,Millie
2940,Bookworm Adventures Deluxe
2941,Island Flight Simulator
2942,Driver San Francisco
1517,Face of Mankind
2944,Arma Tactics
2945,Pound of Ground
2946,Serena
2947,Resident Evil / biohazard HD REMASTER
2948,Magicka Wizards of the Square Tablet
2949,Cabela's Big Game Hunter Pro Hunts
2950,Betrayer
2951,Dark Messiah of Might & Magic Multi-Player
2952,Pressure
2953,Demigod
2823,The Undying Plague
2955,UberStrike
1344,World of Mixed Martial Arts 3
3166,Star Wars Knights of the Old Republic
2860,Kerbal Space Program
2958,MURI
2959,Star Wars The Force Unleashed Ultimate Sith Edition
2960,Armikrog
2961,Europa Universalis Rome - Gold Edition
2962,Sniper Elite Nazi Zombie Army
2963,Dungeons & Dragons Online
3474,Blob From Space
2964,Quarries of Scred
2965,The Incredible Adventures of Van Helsing II
2280,Stargate Resistance
588,Monday Night Combat
2968,Supreme Ruler 2020 Gold
2969,Crash Time II
2970,Tom Clancy's Ghost Recon Phantoms - NA
2971,H1Z1 Test Server
2972,Space Colony
2973,Test Drive Unlimited 2
3498,Waveform
2975,Dungeons & Dragons Chronicles of Mystara
2976,Deadlight
2977,Planetary Annihilation
2978,The Secret of Monkey Island Special Edition
2979,Puzzle Quest
2980,"Nancy Drew Lights, Camera, Curses!"
2981,Saw
2982,Tiny Brains
3501,PT Boats Knights of the Sea
2983,Wings of Prey
2984,LEGO Jurassic World
2985,Rise of Flight United
2986,Stronghold Crusader HD
2987,Crysis
2988,Star Wars Starfighter
2989,London 2012 The Official Video Game of the Olympic Games
2470,Guild Wars
2990,Guardians of Middle-earth
1995,GRID
2580,The Lady
2935,Unholy Heights
2992,A Valley Without Wind 2
2993,RUSH
2994,Eidolon
2995,RAGE
2996,Delve Deeper
2997,Tap Tap Infinity
2998,Metro 2033
2999,DeadCore
2907,Super Hexagon
3001,Gems of War
3002,Viridi
3003,The Settlers 7 Paths to a Kingdom
2629,Feeding Frenzy 2 Shipwreck Showdown Deluxe
1115,Another World
3006,Hearts of Iron II Complete
3007,Imperial Glory
3008,Nancy Drew The Captive Curse
3009,Magic The Gathering - Duels of the Planeswalkers 2013
3506,Axiom Verge
3011,Atom Zombie Smasher 
3012,King's Bounty Crossworlds
3013,STAR WARS X-Wing Alliance
3014,QuestRun
78,GridRunner Revolution
3016,Assassin's Creed Freedom Cry
90,Chris Sawyer's Locomotion
3018,Serious Sam HD The Second Encounter
2094,CameraBag 2
111,Obludia
2912,Firefall
3021,Boson X
3022,Tropico 5
335,King of Dragon Pass
2636,KHOLAT
3024,FORCED
3025,Terra Incognita ~ Chapter One The Descendant
1923,Lego Star Wars Saga
3026,Borderlands
3015,Assassin's Creed Syndicate
1691,LA Cops
3029,Abandoned Chestnut Lodge Asylum
3030,Spiral Knights
3031,Gothic
662,A.V.A - Alliance of Valiant Arms
2409,SONIC THE HEDGEHOG 4 Episode II
2043,Gauntlet 
3036,Lost Planet 3
214,Chainsaw Warrior Lords of the Night
3038,Warlock 2 the Exiled
237,Broken Age
3041,Gunspell Steam Edition
3042,Ultionus A Tale of Petty Revenge
2399,NOBUNAGA'S AMBITION Kakushin with Power Up Kit
3044,Frozen Free Fall Snowball Fight
3045,PlanetSide 2
3046,Cradle
3047,Devilian
1277,Star Wolves 3 Civil War
2334,Tomb Raider Anniversary
3049,Brick-Force
3050,Overlord II
3051,NecroVisioN Lost Company
3052,Flesh Eaters
3053,Twin Sector
3054,Survivalist
3055,Shank
3575,Alien Breed 2 Assault
3056,Sakura Swim Club
343,Of Guards And Thieves
346,Gunslugs 2
3059,Awesomenauts
3459,Champions Online
3060,Theatre of War 2 Africa 1943
2918,DRAGON BALL XENOVERSE
3062,Bridge It (plus)
3063,Fallout 3 - Game of the Year Edition
3064,Singularity
3066,Grotesque Tactics 2 - Dungeons and Donuts
3067,Dragon Age II
3068,CubeGun
3069,iBomber Attack
406,Call of Duty Black Ops - OSX
3071,Splice
3393,The Guild II - Pirates of the European Seas
3072,Happy Wars
421,Cloudy with a Chance of Meatballs
3074,Darkwind War on Wheels
3075,Terraria
3076,The Novelist
3077,The Dig
3078,Fair Strike
3079,Armello
3080,Dungeon Defenders
3081,Nimble Quest
3082,Clockwork Tales Of Glass and Ink
3083,"I Have No Mouth, and I Must Scream"
3084,Borealis
3085,Saviors
493,ComaMortuary
497,Rugby League Team Manager 2015
3088,Tomb Raider The Last Revelation
3089,RPG Maker 2000
3090,Thief
3091,Bardbarian
3599,Arma 2 British Armed Forces
3092,Vessel
551,Build-A-Lot
3094,Nancy Drew Ghost Dogs of Moon Lake 
2924,Gone Home
3096,Company of Heroes Opposing Fronts
3097,Toy Soldiers War Chest
3098,Tom Clancy's Splinter Cell
3065,10 Second Ninja
3100,Sid Meier's Pirates!
607,Scratches Director's Cut
3102,Enigmatis 2 The Mists of Ravenwood
3103,Ys VI The Ark of Napishtim
3104,Mr. Bree+
3105,Cosmic Osmo
3106,F1 Race Stars
660,Parcel
3004,Obscure 2
667,Risen 2 - Dark Waters
2425,Destination Sol
3111,Putt-Putt Joins the Circus
3112,Shan Gui
703,Super Hipster Lumberjack
3114,Race The WTCC Game
3115,Max Payne
3116,FIFA Manager 09
722,Overcast - Walden and the Werewolf
3118,Stronghold 2
3119,Stronghold 3
3120,Card Hunter
3121,OlliOlli
3122,Defense Grid 2 A Matter of Endurance
750,Trove
3124,Running Shadow
760,WARP
3127,The Plan
3128,Horizon
2578,Cities in Motion 2
1193,Uncharted Waters Online
2956,Crawl
3132,Gun Metal
3133,Tom Clancy's EndWar
329,Zombie Grinder
3135,The Haunted Hells Reach
844,Hitogata Happa
3530,GALAK-Z
3138,The Samaritan Paradox
1393,Color Symphony
868,Else Heart.Break()
3141,Two Worlds II
3142,Half-Life Source
3143,Slip
3144,Dynasty Warriors 8 - Empires
3145,Tom Clancy's Splinter Cell Chaos Theory
3146,Monochroma
3147,Wizardry 7 Crusaders of the Dark Savant
3148,The Next BIG Thing
3149,Ascend Hand of Kul
3150,Brawlhalla
913,Vindictus
3165,Call of Juarez
3153,METAL GEAR SOLID V GROUND ZEROES
3154,99 Spirits
3155,Particulars
3156,A Valley Without Wind
1139,Max Payne 3
3158,AR-K
2577,The Bug Butcher
3160,The Baconing
968,Mad Games Tycoon
3162,Killing Floor Beta
3163,Rayman Legends
3164,Runaway A Twist of Fate
2306,RIP 3 The Last Hero
999,The Vanishing of Ethan Carter Redux
3167,Close Your Eyes
638,Organic Panic
3169,Eets
1540,8BitBoy
3171,Teddy Floppy Ear - Mountain Adventure
3172,Lugaru HD 
1223,Serious Sam Double D XXL
3174,Joe Dever's Lone Wolf HD Remastered
3175,Omegalodon
3176,NightSky
3177,Microsoft Flight
3380,Really Big Sky
3178,TrackMania Canyon
3179,Nevermind
3180,AirMech
3181,Farming World
2377,Riven
3183,The Dark Eye Chains of Satinav
3184,Tales from the Borderlands
3185,Darksiders II
1160,Goat Simulator
3187,Cricket Revolution
3188,Dracula Origin
3189,Dracula's Legacy
3190,Metaverse Construction Kit
3191,Pinball Arcade
1203,Ice Age Continental Drift Arctic Games
1208,The Dream Machine
3194,Day One Garry's Incident
1213,Battle Nations
3196,Jets'n'Guns Gold
3197,Chantelise
407,BIT.TRIP VOID
3199,Ballpoint Universe Infinite
3200,Championship Manager 2008
3201,Numba Deluxe
3202,THE KING OF FIGHTERS XIII STEAM EDITION
3203,Piercing Blow
3204,BloodRealm Battlegrounds
16,iBomber Defense Pacific
1251,3 Stars of Destiny
3207,Devil May Cry 4
1264,World Basketball Manager 2010
3209,WORLD END ECONOMiCA episode.01
3210,"Hamlet or the last game without MMORPG features, shaders and product placement"
1286,Sid Meier's Ace Patrol Pacific Skies
3212,Thomas Was Alone
2313,Sid Meier's Civilization IV
3214,Phoenix Force
3215,Boid
3216,Unepic
3217,Turbo Dismount
3218,Farming Simulator 2013 - Modding Tutorials
1319,The Floor is Jelly
3220,Trouble In The Manor
1332,Painkiller Gold Edition
3222,Interstellar Marines
3223,Coin Crypt
3224,Judge Dredd Dredd vs Death
3225,Nimbus
3226,Guild of Dungeoneering
1726,Dungeons of Dredmor
3228,Magic The Gathering  Duels of the Planeswalkers 2012
3229,MacGuffin's Curse
1388,Dangerous High School Girls in Trouble!
3231,Dark Fall 1 The Journal
3232,Warhammer Online Age of Reckoning
2420,Takedown Red Sabre
1150,Super House of Dead Ninjas
3234,Oscura Lost Light
3235,Infested Planet
3236,Shark Attack Deathmatch 2
3237,Tales of Zestiria
3479,Civil War II
2790,Planet Explorers
3239,Steam Marines
2032,Probably Archery
3241,RACE 07
1430,The Nightmare Cooperative
1454,Buzz Aldrin's Space Program Manager
3244,Magnetic By Nature
3245,The Clans - Saga of the Twins
3246,Razor2 Hidden Skies
1433,Diner Dash Hometown Hero
3248,Sakura Clicker
86,Nancy Drew Secret of the Scarlet Hand 
168,Battle of Empires  1914-1918
3251,"Warhammer 40,000 Dawn of War II - Chaos Rising"
3252,Faces of War
3253,Outland
1484,Shantae Risky's Revenge - Director's Cut
3255,Agarest Generations of War
3256,The Slaughtering Grounds
1507,DiRT
3258,Teslagrad
3550,Clickteam Fusion 2.5
3260,Potatoman Seeks the Troof
3261,Guacamelee! Gold Edition
2927,Half-Life Deathmatch Source
3263,Alien Shooter Revisited
3264,PC Gamer
3265,Pre-Civilization Marble Age
3266,Real Horror Stories Ultimate Edition
2482,Mortal Kombat Legacy II - Ep. 1 Reunited in Macau
2324,Lego Harry Potter
3269,Ski Region Simulator
1560,GunZ 2 The Second Duel
3271,Chip's Challenge 2
3272,Wasteland 2
3273,Trine 2
3274,Back to Dinosaur Island 
3275,Alien Rage - Unlimited
3276,Industry Giant 2
3277,Bloodwood Reload
2413,"Please, Dont Touch Anything"
3279,They Bleed Pixels
3280,"It came from space, and ate our brains"
1616,Strike Suit Infinity
1619,Zack Zero
3283,State of Decay
3553,Descent
3285,Darksiders II Deathinitive Edition
3286,Racer 8
3287,Duke Nukem Forever 
3288,Evoland
2732,Velvet Sundown
3289,500 Years Act 1
3290,Second Chance Heroes
3291,METAL SLUG 3
1937,Tony Hawk's Pro Skater HD
3292,One Manga Day
3554,Prison Architect
360,Republique
3295,The Defenders The Second Wave
3296,Windborne
2026,Train Simulator
3297,Earth 2150 The Moon Project
3298,Crimzon Clover  WORLD IGNITION
3299,Fractal Make Blooms Not War
3300,Shelter 2
3301,Closure
3302,METAL SLUG X
3303,Fatty Maze's Adventures
2755,NEED FOR MADNESS ?
3305,Zombie Zoeds
3306,BloodRayne 2
3307,Eleusis
3557,Dead Island
3309,Dragon Nest Europe
3310,Steel Ocean
3311,Detective Grimoire
3312,Always Sometimes Monsters
3313,Violett
1825,Naval War Arctic Circle
3315,Impossible Creatures
3316,SpaceForce Rogue Universe
3039,Quake III Team Arena
3318,Back to Bed
1739,Anno 1404 Venice
1850,Dragon The Game
3320,SkyDrift
3321,Neverwinter
3322,Wolfenstein The New Order
2957,Volgarr the Viking
2333,Blockland
3324,Kuros
3323,RPG Tycoon
553,Anno 2070
1912,Fork Parker's Holiday Profit Hike
3327,Afterfall InSanity - Dirty Arena Edition
3268,Ring Runner Flight of the Sages
3328,Dungeon Siege III
3329,Loadout
3330,ROCKETSROCKETSROCKETS
3331,Crusaders of the Lost Idols
3332,Arms Dealer
3333,Electric Highways
3334,Governor of Poker 2 Premium Edition
3335,Sid Meier's Ace Patrol
3480,Giana Sisters Twisted Dreams
3337,America's Army Proving Grounds
3338,Take Command Second Manassas
3339,Disciples Sacred Lands Gold
3340,TyranoBuilder Visual Novel Studio
3341,Dark Void Zero
3342,hocus
2412,Hegemony Philip of Macedon
2003,Rescue Everyday Heroes
3345,DuckTales Remastered
3346,Mitos.is The Game
283,Blue Rose
3348,UFO Aftermath
3349,Journey of a Roach
2622,Insanely Twisted Shadow Planet
3351,Rulers of Nations
3352,Jagged Alliance 2 Gold Pack
3353,Jagged Alliance - Back in Action
3354,Smashmuck Champions
3355,Titan Quest Immortal Throne
2392,Riding Star
3357,Cast of the Seven Godsends
2091,Goodbye Deponia
3359,The Egyptian Prophecy The Fate of Ramses
3360,Alien Isolation
3193,Perpetuum
2113,Nether
3362,King's Bounty The Legend
2754,Sonic CD
3364,Gothic 3
3365,Ohm Studio
3366,Star Conflict
3367,Haunted House
3368,The Swindle
3369,bit Dungeon II
3371,Ether Vapor Remaster
3372,NASCAR '14
3373,Bob Was Hungry
3374,System Shock 2
3375,Gnomoria
2966,Stealth Bastard Deluxe
3378,Call of Tomsk-7
3134,Marvel Heroes 2015
2220,MLB 2K12
294,MLB 2K11
1838,MLB 2K10
3382,GunWorld
3383,Games of Glory
3384,Roogoo
3385,Blockscape
3386,Huntsman - The Orphanage Halloween Edition
3387,Aqua Kitty - Milk Mine Defender
3388,Forsaken Uprising
3389,Frederic Evil Strikes Back
3390,Skulls of the Shogun
3391,Formula Fusion
2285,Max Gentlemen
449,Turok Dinosaur Hunter
3394,Joe Danger 2 The Movie
3395,Call of Duty Modern Warfare 3 - Multiplayer
3396,RECYCLE
3397,Tom Clancy's Ghost Recon Advanced Warfighter 2
1710,Castle Story
2305,Sherlock Holmes Crimes and Punishments
3400,PixelJunk Monsters Ultimate
2714,Panzer Corps
3401,Volume
3402,Forsaken World 
3403,Dead Realm
3431,Killer is Dead
2718,Crysis 2 Maximum Edition
3405,Mini Motor Racing EVO
3570,Spec Ops The Line
2386,Thunder Wolves
3140,Guns of Icarus Online
3408,Mini Ninjas
3099,The Jackbox Party Pack
3409,Rising Angels Reborn
3410,Panzar
2431,Dark Fall Lost Souls
3412,Wolfenstein The Old Blood 
3413,Wild Warfare
3414,WARMODE
3415,9 Clues 2 The Ward
3572,Cloudberry Kingdom
3417,Zuma's Revenge
3418,"Warhammer 40,000 Dawn of War  Dark Crusade"
3419,Fallout Tactics
3420,Tribes Ascend
2879,Heroes of Hellas 3 Athens
3421,Spoiler Alert
3422,Papo & Yo
1402,SiN Episodes Emergence
2490,POSTAL 2
3424,Super Monday Night Combat
3425,Blood Knights
3426,The Cave
3427,Door Kickers
3428,Q.U.B.E.
947,Written in the Sky
1921,Hyperdimension Neptunia Re;Birth1
3035,Echelon
3432,Echo of Soul
3433,Viking Brothers
2562,Dungeonbowl Knockout Edition
3435,Life is Feudal Your Own
2572,Valiant Hearts The Great War / Soldats Inconnus  Mmoires de la Grande Guerre
3437,SpeedRunners
3438,Trine
3439,Real Warfare
3440,Final Exam
3441,Small World 2
3442,Krater
2609,Daikatana
3444,The Witcher Enhanced Edition
3445,Big Brain Wolf
2814,Clive Barker's Jericho
3347,Crazy Plant Shop
2575,Long Live The Queen
1988,Post Master 
3448,Breach
3449,Left in the Dark No One on Board
1522,Battle Group 2
3579,The Lord of the Rings Online
3452,Styx Master of Shadows
3453,FarSky
3454,Dungeon Party
3455,Reach for the Sun
3456,Serious Sam Classic The First Encounter
3457,The Last Federation
3458,Championship Manager 2010
126,Black Ice
3460,Iron Warriors T-72 Tank Command
3461,Democracy 3
3462,Kingdoms Rise
3463,War of the Roses
2780,Putt-Putt and Pep's Balloon-o-Rama
3465,Circuits
2800,Metal Planet
3467,The Guild II
3468,Valdis Story Abyssal City
711,Kingdom Tales 2
3469,3089 -- Futuristic Action RPG
3470,Nail'd
3471,The Incredible Adventures of Van Helsing III
3472,FRONTIERS
2838,Madballs in...Babo Invasion
534,Saturday Morning RPG
3475,Gorky 17
1793,Legacy of Kain Soul Reaver 2
3477,Orborun
3478,Alpha Kimori Episode One 
1773,Saints Row IV Inauguration Station
2891,Freedom Force vs. the 3rd Reich
3481,Tobe's Vertical Adventure
3482,"Warhammer 40,000 Regicide"
3483,APB Reloaded
3484,STAR WARS Knights of the Old Republic II The Sith Lords
3485,SolForge
3486,Zuma's Revenge! - Adventure
3487,Apollo4x
2920,Mighty Gunvolt
3489,Scania Truck Driving Simulator
3586,Nosferatu The Wrath of Malachi
3491,Brothers - A Tale of Two Sons
2954,Final Slam 2
3493,Bard's Gold
961,Dragon's Prophet (EU)
3495,A Story About My Uncle
3496,Star Trek
3497,DinerTown Tycoon
2974,Sinister City
3499,Euro Fishing
3500,Cards and Castles
1905,The Stanley Parable
3525,Everlasting Summer
3502,BookWorm Deluxe
3503,Secret of the Magic Crystal
3504,Harvest Massive Encounter
1770,Mystery PI The Vegas Heist
3010,The Few
3507,Terrain Test
3508,Operation Flashpoint Dragon Rising
3509,The Impossible Game
3510,The Elder Scrolls V Skyrim
3511,Lords of the Realm II
2716,Silent Hunter Wolves of the Pacific
2746,F1 2012
3514,GRAV
3515,Restaurant Empire II
3516,Grim Dawn
3517,Sam & Max 303 They Stole Max's Brain!
3518,Trainz Simulator 12
3519,TerraTech
3520,Primal Carnage
2372,Portal
3522,Majesty Gold Edition
3523,Dex
2463,Doorways The Underworld
3526,Walkover
3527,Bunch Of Heroes
3528,The Clockwork Man The Hidden World
3529,Ragnarok
3137,City of Heroes
2454,Grim Fandango Remastered
3531,Next Car Game Wreckfest
1612,Unium
3533,FEZ
3535,Lakeview Cabin Collection
3536,Cat Goes Fishing
3537,Universe at War Earth Assault
3538,Cossacks European Wars
3539,Volt
3540,Lords of Magic Special Edition
3541,English Country Tune
3238,Stormrise
664,Secret Files Sam Peters
3544,Chaos Domain
3545,Neighbours from Hell
3546,Nancy Drew The Creature of Kapu Cave
3547,Greed Corp
3548,World in Conflict Soviet Assault
3549,Caster
3259,Eryi's Action
3551,Fable Anniversary
1178,Syder Arcade
3284,Spirits
3293,Showtime!
3555,Fistful of Frags
3556,Cultures - Northland
3308,"I, Zombie"
3558,Call of Juarez The Cartel
3559,Hammerwatch
3560,Quintet
3561,CivCity Rome
3336,Hegemony Gold Wars of Ancient Greece
3563,Fancy Skulls
3564,Star Trek Online
3565,Lethal League
3566,Men of War Assault Squad
2991,Sid Meier's Civilization IV Beyond the Sword
3376,Chrome Specforce
3568,Yesterday
2198,Delta Force Black Hawk Down
3406,Deus Ex Revision
3571,Cosmonautica
3416,Fingered
3573,Desktop Dungeons
3574,Tiamat X
891,Teleglitch Die More Edition
3576,Shattered Planet
1787,Skullgirls Endless Beta
3578,Tkl Online
2384,Galactic Civilizations III
3451,rymdkapsel
142,Pink Hour
3294,AirBuccaneers
3581,Prince of Persia
1156,Dark Echo
3583,Act of Aggression
3584,The Wizard's Pen
3585,Fearless Fantasy
3490,Strong Bad Episode 1 Homestar Ruiner
3587,"Dr. Langeskov, The Tiger, and The Terribly Cursed Emerald A Whirlwind Heist"
3588,Age of Empires Online
3589,Dominions 4
3567,Enigmatis The Ghosts of Maple Creek
3591,Cubic Castles
1790,Heretic Shadow of the Serpent Riders
3593,Cubemen 2
3594,The Political Machine
3595,Family Guy Back to the Multiverse
3596,Football Tactics
3597,LEGO Pirates of the Caribbean The Video Game
3598,Eastside Hockey Manager
3592,Last Knight Rogue Rider Edition
